date,AMBV4,BTOW3,BVMF3,BRML3,BBDC4,BRAP4,BBAS3,BRKM5,BRFS3,BISA3,CCRO3,CMIG4,CESP6,CTIP3,HGTX3,CIEL3,CPLE6,CSAN3,CPFE3,CYRE3,DASA3,DTEX3,ELET3,ELET6,ELPL4,EMBR3,FIBR3,GFSA3,GGBR4,GOAU4,GOLL4,HYPE3,ITSA4,ITUB4,JBSS3,KLBN4,LIGT3,LLXL3,RENT3,LAME4,LREN3,MRFG3,MMXM3,MRVE3,NATU3,OGXP3,OIBR4,PCAR4,PDGR3,PETR3,PETR4,RDCD3,RSID3,SBSP3,SANB11,CSNA3,CRUZ3,SUZB5,VIVT4,TIMP3,TRPL4,UGPA3,USIM3,USIM5,VAGR3,VALE3,VALE5,Dolar PTAX,IBOV,OEX,UKX,DAX
8/18/2011,49.19,13.23,8.33,17.12,25.81,31.14,23.06,16.54,28.62,5.76,10.8,20.16,27.29,23.76,31.7,30.88,34.36,22.51,18.94,13.24,16.19,9.43,14.93,19.22,25.38,8.8,14.29,6.94,12.19,15.58,10.12,11.65,7.96,26.44,4.05,4.76,23.22,3.43,23.85,10.83,51.77,8.53,6.91,11.01,34.19,10.86,7.68,59.02,6.78,21.32,19.4,22.79,10.35,40.05,13.77,13.54,17.1,8.35,42.76,8.43,41.89,25.98,22.4,12.08,0.59,39.38,36.24,1.61,52760,517.11,5092.2,5602.8
8/19/2011,50.48,13.64,8.28,17.06,25.53,30.86,23.32,16.61,28.48,5.83,11.13,20.24,27.51,23.77,32.43,31.16,34.28,22.24,18.78,13.47,15.95,9.32,15.1,19.43,25.13,8.85,13.95,7.03,12.43,15.8,10.29,11.83,7.87,26.1,4.2,4.72,23.21,3.44,24.05,11.01,53.03,8.33,6.99,11.01,34.03,10.77,7.66,59.16,6.78,21.2,19.27,23.03,10.34,39.5,13.58,13.59,17.53,8.3,43.11,8.53,42.23,26.44,22.5,12.31,0.6,39.25,35.88,1.6,52836,509.01,5040.8,5480
8/22/2011,50.39,13.68,8.3,17.06,25.45,30.93,23.44,16.43,28.81,5.87,11.03,20.21,27.07,23.92,32.92,31.05,33.97,22.3,18.49,13.65,15.36,9.18,15.3,19.67,24.91,8.89,13.81,7.08,12.53,15.72,10.45,12.03,7.74,25.71,4.19,4.73,23.27,3.44,24.36,11.21,53.12,8.03,7.11,11.24,33.57,10.7,7.57,58.52,6.72,21.04,19.23,22.82,10.39,39.66,13.51,13.37,17.65,8.26,43.05,8.7,41.42,26.67,22.81,12.64,0.62,39.3,35.93,1.6,52771,508.67,5095.3,5473.78
8/23/2011,51.05,13.73,8.36,16.93,25.09,31.17,23.24,16.67,29.04,5.81,10.98,20.13,27.24,23.99,32.97,31.13,33.68,22.5,18.52,13.56,14.9,9.31,14.58,18.81,24.89,8.96,13.63,7.19,12.87,16.15,10.33,12.54,7.54,25.04,4.22,4.8,23.57,3.49,24.23,11.02,54.11,7.58,7.2,11.33,34.6,10.51,7.47,58.36,6.54,21.09,19.28,22.77,10.4,39.94,13.19,13.57,17.76,8.16,43.13,8.79,41.17,26.86,24.01,12.94,0.63,39.65,36.12,1.6,52769,525.48,5129.4,5532.38
8/24/2011,51.24,13.6,8.49,16.83,25.71,31.42,24.01,17.03,29.37,5.83,11.17,20.37,27.51,24.13,33.42,31.03,33.72,22.71,18.69,13.7,14.61,9.51,14.49,18.74,24.87,9.23,14.01,7.2,13.1,16.09,11.15,12.63,7.64,25.21,4.12,4.81,23.37,3.7,23.97,11.03,54.61,7.73,7.33,11.47,35.9,10.77,7.62,58.6,6.65,21.46,19.5,22.89,10.56,40.6,13.24,14.04,18.17,8.33,44.1,9.12,41.04,26.45,24.31,13.24,0.63,40.21,36.54,1.6,53542,532.04,5205.9,5681.08
8/25/2011,51.41,13.22,8.35,16.84,25.94,31.34,24.03,16.78,29.21,5.81,11.07,20.21,27.12,24.03,32.49,31.03,33.24,22.11,18.42,13.36,14.56,9.36,14.54,18.74,24.57,9.1,14.09,7.04,12.75,15.69,11.17,12.08,7.81,25.77,4.08,4.72,23.16,3.68,23.39,10.71,54.81,7.57,7.14,11.21,36.22,10.68,7.46,58.63,6.58,21.2,19.33,22.88,10.39,41.12,13.7,13.88,17.9,8.34,43.12,9.01,41.45,25.97,23.06,12.8,0.61,40.13,36.4,1.62,53105,524.82,5131.1,5584.14
8/26/2011,50.61,13.58,8.17,16.67,25.67,31.68,23.9,16.94,29.32,5.7,11.12,20.9,27.7,23.92,32.08,31.78,33.38,22.71,18.68,13.26,15.04,9.29,14.65,18.86,24.76,9.05,14.21,7.04,12.68,15.73,11.09,12.11,7.83,26.06,4.01,4.73,23.71,3.71,23.87,10.82,54.45,7.37,7.15,11.09,37.02,10.74,7.4,58.45,6.41,21.13,19.23,23.31,10.37,41.21,13.51,13.76,18.16,8.38,43.23,9.12,41.84,26.07,22.2,12.34,0.61,40.43,36.63,1.61,53151,531.51,5129.9,5537.48
8/29/2011,51.75,14.73,8.51,17,26.17,32.42,24.31,17.37,29.73,6.04,11.29,20.97,28.01,24.02,33.12,32.22,33.43,23.33,18.92,13.79,15.45,9.5,14.81,19.09,24.96,9.26,14.77,7.28,13.09,16.2,11.58,12.54,8.14,26.8,4.09,4.84,24.13,3.94,25.18,11.4,56.75,7.64,7.58,11.61,36.53,11.1,7.68,59.85,6.82,21.79,19.78,23.61,10.88,41.85,13.93,14.39,18.16,8.65,45.13,9.62,42.22,26.44,22.25,12.29,0.63,41.67,37.79,1.6,54642,545.11,5129.9,5670.07
8/30/2011,52.16,15.65,8.68,16.89,26.3,32.54,24.4,17.04,29.66,6.35,11.49,21.11,28.19,24.59,33.76,32.17,33.02,22.88,19.08,14.39,15.21,9.55,14.71,18.97,24.89,9.51,15.22,7.43,13.27,16.39,11.94,12.8,8.2,27.04,4.09,5.02,24.81,4.01,26.08,11.54,56.08,7.77,7.83,12.24,35.72,11.33,7.82,61.56,7.2,21.83,19.83,23.35,11.31,42.38,14.33,14.59,18.28,8.78,45.86,9.62,42.12,26.45,22.06,11.97,0.63,41.86,37.95,1.59,55223,545.77,5268.7,5643.92
8/31/2011,53.28,16,8.95,17.44,27.01,33.25,24.85,17.61,30.39,6.71,11.77,21.59,28.43,24.67,34.01,32.45,33.71,23.13,19.41,14.71,16.02,10.24,14.91,19.23,24.87,9.85,15.61,7.49,13.17,16.39,12.14,13.35,8.39,27.83,4.18,5.12,25.18,4.13,27.16,11.9,57.4,7.74,8.09,12.71,36.39,11.46,7.92,63.77,7.44,22.05,19.96,23.43,11.86,43.27,14.59,14.93,18.89,8.8,46.2,9.45,42.62,26.87,22.38,11.91,0.62,42.4,38.49,1.59,56115,548.01,5394.5,5784.85
9/1/2011,54.27,17.35,9.62,18.74,28.85,33.78,26.35,18.27,31.27,7.21,12.27,21.82,28.41,25.17,35.32,33.36,34.52,23.75,19.81,15.81,16.37,11.1,15.12,19.48,25.58,10.01,15.74,8.01,13.51,16.86,12.37,13.77,8.87,29.59,4.38,5.19,25.92,4.32,29.01,12.69,61.29,8.08,8.45,13.88,37.52,11.76,7.96,66.02,8.18,22.42,20.31,24.37,12.6,43.97,15.43,15.33,19.39,9.08,46.11,9.51,43.58,28.24,23.05,12.13,0.63,42.98,38.95,1.6,58201,541.98,5418.7,5730.63
9/2/2011,53.41,16.42,9.42,19.2,28.38,33.15,25.79,17.75,30.72,6.78,12.03,21.56,28.59,25.27,34.6,33.63,34.16,23.55,19.54,15.14,15.65,10.87,14.88,19.1,26.04,9.83,15.22,7.8,13.08,16.35,12.08,13.65,8.65,29.02,4.23,5.04,25.59,4.04,27.56,12,58.7,8.3,8.12,13.08,36.07,11.48,7.86,63.99,7.86,21.71,19.69,24.3,12.02,43.54,15.04,14.71,18.96,8.86,45.66,9.27,44.42,28,22.19,11.6,0.61,42.16,38.3,1.63,56930,528.88,5292,5538.33
9/5/2011,52.68,15.29,9,19.05,27.14,32.33,25.03,17.25,30.01,6.39,11.59,21.22,28.12,24.83,33.85,33.35,33.65,22.87,19.2,14.48,15.54,10.28,14.76,19.09,25.78,9.36,14.52,7.35,12.83,16.05,11.82,13.25,8.35,27.87,4.14,4.85,24.86,3.8,26.75,11.55,56.2,8.41,7.6,12.3,35.4,11.32,7.64,60.77,7.38,21.27,19.32,24.35,11.25,41.64,14.46,14.13,18.57,8.58,45.06,8.79,43.61,26.98,21.06,11.19,0.61,41.35,37.56,1.65,55103,528.88,5102.6,5246.2
9/6/2011,52.55,15.41,8.9,19.02,27.58,33.04,25.26,17.36,30.57,6.51,11.8,21.44,28.88,24.8,34.43,33.36,34.29,23.29,19.48,14.71,15.76,10.43,15.12,19.69,26.45,9.7,14.83,7.52,12.9,15.9,11.69,13.42,8.43,27.96,4.16,4.92,25.6,3.86,27.18,11.81,57.45,8.56,7.71,12.5,35.91,11.4,7.72,62.3,7.42,21.48,19.49,24.32,11.38,42.98,14.35,14.41,18.59,8.61,45.29,8.66,44.38,27.26,21.32,11.35,0.63,42.03,38.13,1.66,55754,524.83,5156.8,5193.97
9/8/2011,52.93,16.24,9.27,20,28.64,34.2,25.94,17.66,31.74,6.86,12.02,21.46,29,25.06,35.78,33.75,34.79,24.32,19.78,15.35,16.12,10.87,15.44,19.95,26.76,10.09,15.74,7.96,13.7,16.67,12.24,13.71,8.7,28.76,4.28,5.16,26.08,3.99,28.16,12.39,60.45,8.59,8.17,13.35,36.78,11.88,7.79,64.82,7.98,22.12,20.02,24.71,12.16,43.98,15,15.12,19.14,8.99,46.48,9.22,45.09,27.98,23.18,12.06,0.68,43.47,39.38,1.66,57746,533.35,5340.4,5408.46
9/9/2011,51.91,15.48,8.81,19.8,27.64,33.57,24.99,16.8,30.82,6.51,12.02,20.89,28.55,24.6,34.72,33.92,34.07,24.18,19.4,14.62,15.18,10.49,14.96,19.37,26.05,9.71,15.27,7.5,13.7,16.73,12.09,13.02,8.4,27.75,4.17,4.99,25.66,3.78,27.76,11.87,58.51,8.3,7.85,12.63,35.15,11.15,7.55,62.88,7.59,21.51,19.55,24.33,11.52,42.88,14.47,14.62,18.49,8.83,45.36,8.98,44.32,27.85,24.27,11.98,0.65,42.63,38.82,1.68,56072,519.54,5214.7,5189.93
9/12/2011,51.74,15.62,8.61,19.89,26.89,33.49,24.25,15.95,30.58,6.34,11.75,20.81,28.31,23.87,33.04,33.7,33.97,24.15,19.47,13.87,14.92,10.25,14.88,19.32,25.92,9.8,15.52,7.2,13.41,16.55,11.81,12.55,8.13,26.97,4.09,5,25.3,3.63,26.81,11.7,57.18,8.15,7.63,12.1,34.72,10.74,7.48,63.21,7.21,21.26,19.36,24.08,10.93,42.43,14.03,14.37,18.38,9.13,45.11,8.85,44.14,27.58,23.07,11.57,0.63,42.41,38.75,1.69,54950,523.2,5129.6,5072.33
9/13/2011,52.47,17.3,8.55,19.5,26.99,33.93,24.18,15.73,31.47,6.42,11.62,20.92,28.03,23.67,32.37,34.6,34.01,23.81,19.43,13.91,14.92,10.19,14.97,19.58,25.93,10.27,16.15,7.2,13.59,16.86,12.2,12.43,8.14,26.99,4.14,5.16,25.44,3.73,27.04,12.35,56.23,8.41,7.94,12.07,35.52,11.03,7.45,63.33,7.21,21.57,19.62,24.54,10.98,42.64,14.09,14.73,18.46,9.39,45.76,8.68,44.57,27.69,23.96,11.68,0.63,43.33,39.51,1.71,55608,527.02,5174.3,5166.36
9/14/2011,53.36,17.55,8.65,19.13,27.24,33.61,24.32,15.36,31.55,6.32,11.73,21,27.78,23.26,31.9,34.66,34.25,24.52,19.58,13.72,14.92,10.13,15.07,19.81,26,10.81,16.58,7.08,13.97,17.21,12.56,12.55,8.18,27.11,4.16,5.1,25.89,3.69,26.72,12.06,54.82,8.37,8.02,11.82,35.1,11.34,7.49,63.53,7.03,21.85,19.8,24.82,10.81,43.22,14.36,14.71,18.52,9.42,46.95,8.83,44.81,28.13,24.99,11.92,0.64,43.52,39.79,1.73,55927,533.76,5227,5340.19
9/15/2011,53.54,16.97,8.76,19.33,27.84,34.34,24.6,15.77,31.88,6.26,11.67,20.97,27.75,23.16,32.26,35.3,34.87,24.39,19.7,13.69,15.47,10.04,15.05,19.85,26.06,10.99,17.01,7.13,14.17,17.35,12.81,12.27,8.39,27.86,4.18,5.05,25.95,3.74,26.51,11.93,54.64,8.07,8.32,11.71,34.13,11.64,7.49,63.76,6.94,21.99,19.93,25.17,10.77,43.36,14.62,15.06,18.5,9.58,46.82,8.97,45.12,28.45,24.57,12.2,0.64,44.3,40.55,1.71,56535,543.13,5337.5,5508.24
9/16/2011,53.78,17.25,8.76,19.18,28.06,34.54,24.71,15.35,32.05,6.4,11.56,21.07,27.79,23.54,31.82,35.76,34.98,24.63,19.87,13.87,15.48,10.05,15.61,20.47,26.25,11.03,17.31,7.16,14.31,17.71,12.78,12.03,8.46,28.05,4.21,5.04,26.01,3.78,26.49,11.91,54.47,7.85,8.38,11.71,33.68,11.86,7.68,63.15,6.93,21.94,19.89,25.64,10.84,44.38,14.83,15.35,18.79,9.77,47.77,8.94,45.69,28.51,23.67,12.23,0.64,44.53,40.82,1.71,56709,546.43,5368.4,5573.51
9/19/2011,54.32,17.38,8.85,18.97,27.98,34.77,24.39,15.63,32.25,6.29,11.43,21.2,27.73,23.5,31.32,35.67,34.89,24.87,19.91,13.55,15.36,10.17,16.08,20.98,26.31,11.2,17.78,6.98,14.53,18.01,12.75,11.43,8.4,27.94,4.2,5.03,25.62,3.81,26.54,11.71,52.93,7.82,8.34,11.46,33.02,11.92,7.8,61.77,6.74,21.94,19.95,25.45,10.55,45.51,14.55,15.67,18.94,9.95,48.35,9.17,45.73,28.64,23,12.23,0.64,44.75,40.97,1.78,56751,541.44,5259.6,5415.91
9/20/2011,55.29,16.88,9.02,19.12,28.18,35.77,24.24,16.03,32.25,6,11.38,21.48,27.71,23.65,31.68,36.18,35.3,24.95,20.29,13.1,15.35,9.95,15.97,20.95,26.39,11.27,17.41,6.7,14.47,17.9,12.31,11.26,8.5,28.28,4.17,5.07,25.95,3.8,26.52,11.84,53.29,7.43,8.39,10.98,31.45,12.4,7.67,62.02,6.42,22.2,20.14,25.71,10.08,44.95,14.55,15.74,18.93,9.88,48.36,9.31,45.87,28.99,22.96,12.35,0.63,45.77,42.11,1.79,57175,540.81,5363.7,5571.68
9/21/2011,55.66,16.81,9.14,19.04,28.08,35.7,23.76,15.85,31.94,5.81,11.47,21.87,27.89,23.29,31.07,36.2,35.77,24.53,20.62,12.67,14.93,9.7,16.42,21.52,26.8,11.81,17.14,6.45,14.43,17.92,12.44,11.19,8.5,28.28,4.18,5.11,26.34,3.79,26.5,11.56,52.28,7.06,8.21,10.66,30.86,12.64,7.7,62.21,6.23,22.31,20.16,25.85,9.84,45.01,14.52,15.7,19.05,9.69,48.86,9.11,46.51,29.18,23.05,12.39,0.63,45.37,41.88,1.83,56986,526.34,5288.4,5433.8
9/22/2011,54.15,15.81,8.52,17.94,26.77,33.44,22.64,14.65,30.16,5.26,11.25,20.94,27.08,22.43,28.77,34.81,34.23,23.3,19.75,11.8,14.08,9.05,15.38,20.29,25.96,11.18,15.63,5.84,13.67,17.07,11.34,10.43,8.05,26.88,3.9,4.84,25.28,3.59,25.1,10.58,47.64,6.45,7.35,9.63,30.08,11.73,7.3,57.87,5.73,20.94,19.04,24.78,8.81,43.17,13.75,14.53,18.37,8.97,46.24,8.48,44.98,27.69,21.43,11.83,0.59,42.71,39.61,1.9,53593,509.56,5041.6,5164.21
9/23/2011,54.43,16.03,8.72,18.16,26.21,32.75,22.63,14.15,30.28,5.31,11.16,20.8,26.73,22.08,29.4,34.52,33.81,23.18,19.55,11.93,14.66,8.91,14.91,19.78,25.86,11.33,15.33,5.92,13.57,16.91,11.18,10.42,7.98,26.69,3.84,4.8,24.71,3.64,24.48,10.97,48.26,6.45,7.32,9.97,30.59,11.67,7.39,57.89,5.99,20.57,18.72,24.48,9.09,42.12,13.64,14.23,18.08,8.65,45.32,8.37,44.53,27.63,21,11.64,0.59,42.18,39.08,1.87,53245,512.53,5066.8,5196.56
9/26/2011,53.84,16.55,8.71,18.4,26.3,32.14,22.75,14.14,30.56,5.34,11.18,20.62,26.66,21.54,30.79,34.29,33.48,23.17,19.52,11.86,15.04,8.85,14.78,19.66,25.82,11.31,15,5.85,13.76,17.02,11.39,10.48,8.04,26.89,3.88,4.78,24.27,3.65,25.03,11.4,50.77,6.38,7.31,9.93,31.56,11.99,7.43,58.28,5.99,20.64,18.74,24.43,9.01,41.81,13.58,14.15,17.94,8.61,44.97,8.32,44.26,28.05,21.15,11.43,0.6,41.44,38.45,1.84,53241,524.74,5089.4,5345.56
9/27/2011,54.03,16.54,8.94,18.85,27.2,32.99,23.54,14.6,30.86,5.55,11.68,20.66,26.96,22.03,32.36,34.69,33.8,24.3,19.59,12.22,15.64,9.02,14.97,19.82,26.06,11.57,15.42,6,14.17,17.47,11.65,10.64,8.46,28.29,3.88,4.89,24.29,3.75,26.13,11.58,51.97,6.23,7.67,10.15,31.96,12.19,7.56,59.54,6.17,21.05,19.13,24.64,9.24,42.09,14.17,14.62,18.43,8.62,44.99,8.27,44.99,28.77,21.38,11.58,0.61,42.7,39.3,1.8,54625,529.82,5294.1,5628.44
9/28/2011,54.18,15.94,8.55,18.69,27.23,32.62,23.59,14.48,31.02,5.41,11.69,20.32,26.78,22.01,31.96,34.66,33.69,24.28,19.55,11.94,15.51,8.79,14.88,19.79,25.87,11.82,15.05,5.87,13.91,17.15,11.26,10.26,8.52,28.61,3.83,4.78,23.97,3.74,26.05,11.36,50.75,6.04,7.54,9.85,31.27,12.04,7.46,58.85,6,20.77,18.84,24.48,9.03,42.29,13.96,14.42,18.26,8.37,45.24,8.32,45.16,28.99,21.16,11.39,0.6,42.25,38.89,1.81,53992,520.51,5217.6,5578.42
9/29/2011,54.61,15.82,8.49,18.99,27.24,31.79,23.52,14.5,31.45,5.44,11.76,20.37,26.8,22.17,32.07,34.48,33.35,24.05,19.58,11.78,15.41,8.63,14.79,19.56,25.53,11.74,14.76,5.72,13.54,16.79,10.96,9.9,8.45,28.52,3.86,4.84,23.75,3.75,25.39,11.37,50.76,5.85,7.3,9.75,30.93,11.9,7.42,57.65,5.99,20.6,18.75,24.63,8.91,41.72,13.8,14.3,18.25,8.29,45.67,8.33,44.56,29.03,20.69,11.01,0.6,41.65,38.25,1.83,53450,525.69,5196.8,5639.58
9/30/2011,54.61,14.92,8.34,18.91,26.59,31.32,23.12,13.92,31.67,5.4,11.98,20.33,26.49,22.22,30.78,34.05,33.27,23.53,19.55,11.54,15.68,8.35,14.74,19.65,25.29,11.73,14.44,5.44,13.13,16.35,10.39,9.17,8.33,28.13,3.71,4.93,23.26,3.64,24.47,10.99,49.19,5.94,7.03,9.38,30.65,11.72,7.25,56.34,5.9,20.31,18.51,24.59,8.54,41.9,13.35,14.17,18.21,8.14,45.78,8.51,44.05,28.91,20.78,10.59,0.59,40.72,37.4,1.85,52515,513.37,5128.5,5502.02
10/3/2011,54.86,13.93,8.32,18.78,26.43,30.56,22.84,14.06,31.33,5.07,12.13,20.09,26.67,22.61,29.91,34.12,33.34,22.79,19.53,11.23,15.37,8.11,14.72,19.68,25.39,11.57,13.99,5.2,12.89,15.99,10.01,8.43,8.26,27.87,3.57,5.05,22.71,3.55,24.43,10.77,48.16,6.04,6.68,8.86,29.84,11.13,7.21,56.27,5.67,19.79,18.08,24.78,8.07,42.25,13.11,13.65,18.03,7.76,46.87,8.78,43.91,28.88,20.42,10.39,0.56,39.77,36.71,1.88,51465,500.09,5075.5,5376.7
10/4/2011,54.75,13.22,8.15,17.51,25.77,29.73,21.92,14.35,30.53,5.1,11.88,19.51,26.4,22,29.45,33.93,32.43,22.66,19.03,11.08,15.02,7.9,14.25,19.26,25.13,11.11,13.37,5.12,12.32,15.28,9.74,8.18,8.01,27.03,3.51,5.01,22.4,3.36,24.13,10.67,47.48,6.16,6.22,8.93,29.66,10.54,6.88,56.09,5.76,19.15,17.57,24.84,8.2,42.42,12.51,12.91,18.04,7.35,45.71,8.69,43.71,28.75,19.2,10.08,0.53,38.63,35.72,1.89,50016,509.88,4944.4,5216.71
10/5/2011,55.11,13.53,8.38,17.18,26.28,29.94,22.1,14.06,30.48,5.25,11.77,19.34,25.83,22.15,30.24,34.2,32.57,22.72,19.01,11.28,14.77,7.96,14.11,19.12,25.24,10.93,14.21,5.22,12.34,15.25,10.31,8.07,8.13,27.6,3.57,5.07,22.92,3.4,24.62,10.85,48.26,6.61,6.61,9.16,30.43,10.8,6.95,55.4,5.93,19.21,17.66,24.72,8.47,42.83,12.47,12.88,18.72,7.58,44.46,8.42,43.95,29.19,19.45,10.21,0.55,39.42,36.41,1.85,50574,518.27,5102.2,5473.03
10/6/2011,55.65,14.24,8.86,18,26.82,30.57,22.54,14.6,31.5,5.54,11.9,19.44,26.38,22.38,31.09,35.23,32.86,23.16,19.23,11.78,15,8.41,14.41,19.48,25.6,11.4,14.72,5.29,12.85,15.85,10.9,8.53,8.37,28.43,3.7,5.32,22.93,3.58,25.41,11.13,49.41,6.74,6.96,9.68,30.84,11.18,7.05,57.48,6.21,19.87,18.17,25.72,8.82,43.19,12.69,13.3,19.26,7.76,46.14,8.46,44.28,29.56,20.65,10.55,0.57,40.44,37.38,1.81,52254,526.73,5291.3,5645.25
10/7/2011,55.43,14.11,8.82,18.12,26.4,29.88,22.17,14.18,31.57,5.45,11.71,19.12,25.57,22.42,30.95,35.41,31.95,23.26,19.1,11.75,15.23,8.3,14.27,19.31,25.48,11.25,14.42,5.2,12.69,15.58,11.15,8.35,8.3,28.3,3.67,5.41,22.49,3.62,25.49,11.05,48.85,6.38,6.8,9.77,30.58,11.59,6.88,58.93,6.17,19.47,17.92,26.3,8.85,42.66,12.76,13.25,19.33,7.59,45.62,8.33,44.31,29.08,21.01,10.41,0.56,39.74,36.91,1.77,51866,523.36,5303.4,5675.7
10/10/2011,55.36,14.32,9.03,18.61,26.93,30.44,22.72,14.01,31.52,5.53,11.8,19.18,26.38,22.27,31.35,36.23,32.4,23.67,19.18,12.17,15.69,8.6,14.66,19.84,25.94,11.27,14.64,5.22,13.02,16.08,11.69,8.19,8.56,29.02,3.79,5.51,22.7,3.67,25.79,11.35,50.12,6.64,6.91,10.09,30.93,11.74,7.02,60.42,6.27,19.73,18.04,27.51,9.13,43.24,12.83,13.58,19.43,7.61,46.33,8.28,44.94,28.99,22.21,10.71,0.57,40.24,37.26,1.75,52683,540.88,5399,5847.29
10/11/2011,55.41,14.41,9.3,18.81,27.43,31.24,22.32,13.85,31.82,5.63,11.79,19.33,25.85,20.78,31.86,36.26,32.68,23.95,19.2,12.42,15.3,8.84,15.02,20.35,26.14,11.59,14.61,5.41,13.49,16.66,12.3,8.33,8.79,29.65,3.98,5.58,23.18,3.84,26.09,11.28,50.85,7,7.11,10.38,31.15,12.23,7.07,61.3,6.46,20,18.29,27.46,9.24,43.61,12.95,13.83,19.31,7.7,45.3,8.13,45.13,28.96,22.75,10.86,0.58,40.75,37.86,1.77,53618,541.31,5395.7,5865.01
10/13/2011,55.67,14.07,9.43,18.61,27.74,31.78,22.13,13.82,32.82,5.83,11.79,19.09,25.89,20.58,31.32,35.89,32.86,24.29,19.39,12.64,15.37,8.77,15.07,20.75,26.08,11.78,14.54,5.64,13.58,16.7,12.12,8.54,8.88,29.85,4.1,5.61,23.32,3.82,25.3,11.42,52.6,6.98,7.1,10.41,31.12,12.22,7.01,63.39,6.61,20.23,18.6,27.06,9.43,43.68,13.37,13.83,19.41,7.57,45.51,8.27,45.74,30.12,22.98,10.72,0.61,41.45,38.47,1.75,54020,544.92,5403.4,5914.84
10/14/2011,55.27,14.3,9.39,18.83,27.87,31.76,22.23,14.19,32.95,5.94,11.71,19.26,26.25,21.92,31.6,36.17,32.87,24.59,19.53,13.19,15.11,8.69,15.1,20.76,26.03,11.79,14.66,5.89,13.74,16.89,12.36,8.83,8.96,30.18,4.12,5.73,23.23,3.9,25.53,11.49,52.48,7.22,7.18,10.63,31.42,12.33,7.07,63.54,6.91,20.54,18.85,27.04,9.78,44.48,13.55,14.02,19.42,7.54,46.14,8.34,45.77,29.8,23.52,10.93,0.61,41.86,38.96,1.74,54744,554.6,5466.4,5967.2
10/17/2011,56.03,14.13,9.26,18.43,27.62,30.75,22.06,14.06,32.95,5.79,11.7,19.14,25.83,21.99,31.76,36.16,31.87,24.33,19.36,12.91,14.79,8.47,15.05,20.55,26.16,11.55,14.47,5.73,13.35,16.43,12,9.09,8.88,30.08,4.04,5.72,22.83,3.76,25.06,11.32,50.8,7.1,6.98,10.36,31.4,12.1,7.15,62.97,6.54,20.19,18.6,26.82,9.58,43.22,13.37,13.51,19.38,7.57,46.59,8.39,45.62,30.05,23.96,10.77,0.6,40.59,37.99,1.75,53907,544.1,5436.7,5859.43
10/18/2011,56.6,14.19,9.38,18.36,27.99,30.25,22.4,14.06,33.71,5.87,11.83,19.35,26.57,22.34,33.12,36.7,31.79,24.77,19.7,13.24,14.9,8.42,15.23,20.79,26.57,11.72,14.71,5.81,13.24,16.43,12.32,9.13,8.91,30.16,4.14,5.77,23.14,3.69,25.21,11.71,52.57,7.25,6.88,10.59,32.33,12.4,7.6,63.7,6.53,20.26,18.67,27.49,9.7,43.49,13.59,13.41,19.86,7.59,47.37,8.44,46.26,30.85,24.18,10.67,0.61,39.87,37.27,1.77,54167,554.59,5410.4,5877.41
10/19/2011,57.59,14.45,9.42,18.79,28.24,30.15,22.76,13.54,34.19,6.09,11.89,19.95,26.86,22.5,34.34,36.87,32.15,25.73,19.88,13.56,14.78,8.62,15.22,20.85,26.54,12.21,14.57,6.08,13.31,16.48,12.63,9.51,9.1,30.69,4.25,5.78,23.56,3.63,25.46,12.06,54.39,7.59,6.9,10.93,33.2,12.84,7.47,64.93,6.68,20.3,18.63,27.64,10.01,43.91,13.85,13.43,20.64,7.63,48.34,8.45,45.7,30.44,23.64,10.7,0.62,39.48,36.94,1.76,54914,547.38,5450.5,5913.53
10/20/2011,57.77,14.7,9.23,18.49,28.01,29.19,22.66,12.72,33.53,5.86,11.7,20.09,26.26,22.7,33.82,36.8,31.96,25.82,19.89,13.29,14.59,8.46,15,20.88,26.33,12.11,14.42,5.96,12.99,16.05,12.61,9.6,9.08,30.59,4.22,5.72,23.91,3.58,25.08,11.77,52.5,7.47,6.66,10.8,33.29,12.62,7.41,65.52,6.54,19.76,18.21,27.68,9.82,43.39,13.91,13.1,20.4,7.58,47.8,8.45,45.39,29.82,22.37,10.54,0.63,38.58,36.22,1.78,54069,549.83,5384.7,5766.48
10/21/2011,57.87,14.66,9.42,18.56,28.78,30.01,22.83,13.04,33.6,6,11.99,20.21,26.79,23.48,34.38,36.96,32.42,26.41,20.34,13.62,14.76,8.54,15.49,21.42,26.71,12.24,15.16,6.01,13.35,16.63,12.78,9.26,9.22,31.14,4.35,5.95,23.94,3.67,25.81,11.74,53.05,7.61,6.86,11.13,33.61,13.15,7.61,65.46,6.71,20.26,18.59,27.56,10.06,44.25,14.29,13.37,20.1,7.88,47.97,8.57,46.06,30.79,22.47,11.01,0.62,39.41,36.89,1.78,55164,558.47,5488.7,5970.96
10/24/2011,57.7,14.79,9.65,18.32,29.49,31.58,23.5,13.49,34.21,6.09,11.85,20.41,27.33,22.69,34.91,37.29,32.8,26.11,20.65,13.97,14.63,8.79,15.94,22.04,27.12,12.34,15.55,6.21,13.97,17.45,13.35,9.42,9.4,31.9,4.68,6.08,23.72,3.73,25.87,11.99,54.24,7.79,7.09,11.36,33.68,13.71,7.73,66.68,6.98,20.7,19.01,27.73,10.17,44.84,14.85,13.99,20.47,8.06,48.11,8.69,46.41,30.77,23.03,11.58,0.62,41.31,38.41,1.78,56639,564.24,5548.1,6055.27
10/25/2011,57.29,14.35,9.48,17.91,29.01,31.58,22.91,13.41,33.76,6.03,11.65,19.62,26.89,22.81,35.16,37.17,32.37,25.78,20.32,13.95,14.35,8.55,15.55,21.39,27.11,12.31,15.1,6.12,13.8,17.23,13.21,9.45,9.19,31.15,4.68,6.07,23.77,3.66,25.51,11.92,53.4,7.72,6.99,11.05,33.24,13.8,7.6,64.36,6.94,20.94,19.22,27.55,10.03,43.96,14.33,14.06,20.17,7.88,48.33,8.63,45.84,30.21,23.01,11.72,0.61,41.48,38.68,1.75,56308,553.95,5525.5,6046.75
10/26/2011,57.31,14.37,9.6,18.05,29.15,32.15,23,13.47,34.06,6.14,11.58,20.38,27.47,23.36,35.15,37.8,33.07,25.62,20.58,14.31,14.35,8.58,15.57,21.36,27.34,12.03,14.65,6.15,13.97,17.44,13.23,9.5,9.27,31.29,4.94,6.1,23.88,3.67,25.3,11.91,53.36,7.82,7.14,11.12,33.11,13.98,7.6,65.11,7.08,21.12,19.42,27.97,10.17,44.52,14.32,14.33,20.43,7.8,48,8.67,46.54,30.09,23.67,11.73,0.61,42.23,39.36,1.76,56800,559.44,5553.2,6016.07
10/27/2011,56.66,15.37,9.92,18.07,30.71,33.58,24.44,14.27,34.59,6.57,11.5,20.8,28.49,23.28,36.07,37.85,33.92,26.18,20.63,15.32,14.26,8.89,16.07,21.95,27.46,12.25,15.56,6.56,14.97,18.63,13.84,9.92,9.66,32.77,5.15,6.31,24.4,3.82,25.79,12.33,55.3,7.98,7.71,11.98,32.05,14.79,7.89,66.69,7.57,22.14,20.27,28.24,10.94,45.33,15.27,15.4,20.36,8.08,46.93,8.89,47.19,30.32,24.75,12.34,0.63,44,40.87,1.73,59241,577.3,5713.8,6337.84
10/28/2011,56.1,14.89,9.95,18.08,30.42,33.36,24.63,14.61,35.03,6.6,11.64,20.74,28.55,23.39,37.24,36.99,33.7,26.15,20.51,15.53,14.1,9.12,16.07,22.06,27.52,12.11,15.94,6.64,15.35,19.2,14,9.92,9.54,32.24,5.36,6.19,24.74,3.85,25.9,12.08,51.32,7.83,7.76,12.24,32.02,14.84,7.91,67.49,7.64,22.23,20.48,27.35,11.07,44.73,15.26,15.55,20.41,8.2,47.11,8.83,46.9,29.86,24.75,12.4,0.63,43.45,40.42,1.7,59295,577.38,5702.2,6346.19
10/31/2011,56.14,14.09,9.87,18.49,29.91,32.85,24.47,14.71,35.14,6.39,11.76,21.06,28.11,23.32,37.6,37.04,33.55,26.3,20.64,14.91,13.77,9.16,15.74,21.66,27.41,11.77,15.48,6.34,15.07,18.93,13.54,9.45,9.46,31.75,5.24,6.15,25.12,3.83,25.35,11.82,50.09,7.56,7.53,11.78,32,14.42,7.82,65.55,7.37,22.4,20.79,27.48,10.54,44.6,14.9,15.16,20.46,8.24,47.78,8.69,46.76,29.85,24.5,11.92,0.63,42.43,39.65,1.69,58551,563.37,5544.2,6141.34
11/1/2011,56.67,13.45,9.55,18.35,29.32,31.95,24.1,14.16,34.48,6.01,11.7,20.97,27.43,23.1,36.57,37.54,33.04,26.23,20.29,13.98,13.98,8.58,15.51,21.49,27.32,11.57,14.81,6.04,14.68,18.26,13.08,8.76,9.17,30.81,4.8,6.07,24.73,3.69,24.94,11.49,49.6,7.05,7.22,11.09,31.85,13.85,7.65,63.57,6.94,21.82,20.17,28.05,9.9,44.17,14.32,14.8,20.27,7.87,47,8.55,46.48,30.01,23.33,11.49,0.62,41.74,38.81,1.75,56944,547.9,5421.6,5834.51
11/3/2011,56.78,13.44,9.65,18.45,30.03,32.88,23.95,14.79,34.77,6.04,11.83,21.48,28.3,23.57,37.77,37.98,33.42,26.22,20.71,14.24,14.45,8.67,15.66,21.79,27.7,11.17,14.97,6.17,15.18,18.87,14.05,8.76,9.39,31.49,4.87,6.11,25.28,3.75,25.18,11.63,50.52,7.03,7.44,11.24,32.88,14.3,7.63,65.52,7.07,22.64,20.93,28.51,10.02,45.27,14.61,15.12,20.57,7.9,47.05,8.86,46.92,30.38,23.06,11.58,0.61,43.21,40.3,1.73,58158,566.31,5545.6,6133.18
11/4/2011,56.66,13.22,9.62,18.51,29.72,33.38,23.78,15.11,34.43,5.94,11.63,21.28,30.4,23.54,36.75,38.4,33,25.89,20.41,14.2,14.14,8.72,16.06,22.24,27.09,11.2,14.93,6.22,15.1,18.72,14.63,8.49,9.35,31.38,4.92,6.14,24.6,3.75,24.82,11.42,49.75,7.02,7.37,11.04,33.01,14.14,7.67,64.02,7.01,23,21.27,28.7,9.8,45.26,14.42,15.25,20.53,7.81,46.77,8.75,46.47,30.4,22.73,11.57,0.62,44.15,41.02,1.74,58293,561.97,5527.2,5966.16
11/7/2011,56.47,12.95,9.77,19.21,29.99,34.25,24.06,15.12,35.21,6.12,11.84,21.74,30.06,23.33,37.25,38.65,33.79,26,21.23,14.47,13.99,8.84,16.81,23.17,27.41,11.71,15.15,6.37,15.41,19.13,14.39,7.73,9.44,31.64,4.96,6.27,25.22,3.81,24.65,11.29,49.52,7.07,7.5,11.09,33.2,14.48,7.92,64.97,7.06,23.63,21.74,28.89,9.93,45.79,14.58,15.78,20.77,7.85,46.29,8.8,47.14,31.2,23.08,11.85,0.63,44.77,41.6,1.75,59119,566.21,5510.8,5928.68
11/8/2011,55.98,12.8,9.78,19.29,29.99,34.3,24,15.12,35.23,6.13,11.8,21.33,29.24,23.28,37.31,38.44,33.57,26.33,21.02,14.7,14.14,8.83,16.53,22.72,27.31,11.76,14.9,6.34,15.15,18.81,14.2,7.95,9.4,31.42,4.93,6.23,24.89,3.75,23.93,11.33,49.71,6.97,7.2,11.12,32.88,14.48,7.7,63.98,7.05,23.76,21.84,28.74,10.02,46.03,14.41,15.66,20.74,7.74,46.69,8.74,47.26,31.38,22.95,11.84,0.62,44.77,41.53,1.75,58978,573.03,5567.3,5961.44
11/9/2011,56.5,12.57,9.87,19.1,29.48,33.74,23.39,14.42,34.88,5.87,11.62,21.14,28.8,23.36,37.36,38.21,33.02,26.03,21.12,14.11,14.04,8.53,16.18,22.37,26.87,11.57,14.29,6.08,14.82,18.37,13.84,7.94,9.19,30.75,4.82,6.29,24.75,3.61,23.73,11.23,49,6.8,6.89,10.7,32.35,13.91,7.46,64.17,6.83,22.88,21.09,28.62,9.57,46.83,14.16,15.22,20.56,7.45,47.19,8.59,46.88,31.14,22.49,11.75,0.6,43.96,40.73,1.75,57773,553.05,5460.4,5829.54
11/10/2011,56.5,12.26,9.83,19.22,29.47,33.72,23.42,14.27,34.27,5.85,11.71,21.4,29.11,23.46,37.3,38.86,33.41,26.68,21.09,14.25,14.17,8.29,16.22,22.57,27.42,11.5,14.12,6.07,14.89,18.48,13.74,8,9.17,30.67,4.83,6.32,25.12,3.6,24.29,11.47,49.78,6.54,6.87,10.68,33.57,13.89,7.57,63.65,6.91,22.8,20.95,29.02,9.65,46.81,14.19,15.25,20.75,7.44,46.21,8.45,46.83,30.66,22.69,11.88,0.6,43.96,40.87,1.76,57799,557.71,5444.8,5867.81
11/11/2011,57.13,11.54,9.88,19.37,29.6,34.07,23.23,14.07,34.22,5.96,11.74,21.53,29.44,23.42,37.91,39.26,33.61,26.72,21.44,14.66,14.12,8.34,16.23,22.49,27.77,11.5,14,6.2,15.24,18.99,13.66,8.27,9.24,30.86,5.06,6.38,24.95,3.61,24.82,11.77,50.78,7.13,6.99,10.91,35.12,13.97,7.68,63.64,7.12,23.23,21.29,29.43,10,46.96,14.4,15.6,20.95,7.42,46.64,8.38,47.08,30.76,23.07,12.26,0.61,44.36,41.1,1.75,58448,567.79,5545.4,6057.03
11/14/2011,56.95,11.4,9.78,19.15,30.02,33.79,23.96,13.84,33.86,5.85,11.62,21.66,28.93,23.44,38.58,39.18,33.09,26.11,21.3,14.39,14.39,8.39,15.6,22.05,27.68,11.47,13.81,6.16,14.88,18.5,14.12,8.27,9.32,31.21,5.34,6.4,24.8,3.58,25.13,11.77,50.98,7.86,6.99,10.82,34.95,13.78,7.55,62.87,7.14,23.14,21.28,29.49,9.9,47.02,14.35,15.47,20.77,7.34,46.99,8.2,46.77,30.85,22.67,12.06,0.59,44.16,40.95,1.76,58289,562.72,5519,5985.02
11/16/2011,57.7,11,9.89,19.41,29.93,34.12,24.03,13.86,33.68,5.82,11.58,21.94,28.89,23.64,38.91,39.89,33.47,25.87,21.37,14.11,14.09,8.52,15.66,22.32,28.08,11.5,13.95,5.71,14.76,18.39,13.92,8.49,9.25,30.92,5.53,6.52,25.85,3.56,25.37,11.9,50.86,7.59,7.01,10.63,34.43,14.05,7.53,63,6.98,23.39,21.45,29.77,9.76,48.02,13.85,15.54,21.4,7.42,47.03,8.21,46.8,30.58,22.92,11.97,0.57,44.6,41.23,1.78,58378,556.18,5509,5913.36
11/17/2011,57.09,10.72,10.2,19.27,29.27,33.37,23.64,13.62,33.11,5.63,11.36,22.08,28.57,23.74,38.89,38.73,33.3,25.49,21.28,13.62,13.66,8.32,15.25,21.96,28,11.2,14.32,5.33,14.5,17.95,13.44,8.25,9.08,30.24,5.61,6.83,25.26,3.44,25.5,11.73,50.32,7.67,6.88,10.32,33.47,13.93,7.32,61.33,6.67,23.13,21.24,28.86,9.45,46.92,13.21,15.52,21.17,7.43,46.47,8.43,46.57,30.39,23.58,12.02,0.56,43.73,40.61,1.78,57785,548.07,5423.1,5850.17
11/18/2011,56.67,10.56,10.26,19.21,28.54,32.96,23.11,13.44,33.17,5.47,11.49,21.84,28.27,23.75,38.16,37.79,32.88,25.41,21.18,13.4,12.98,8.16,15.04,21.62,27.99,11.03,14.11,5.19,14.05,17.57,13.22,8.18,8.9,29.63,5.48,6.76,25.52,3.5,25.18,11.43,49.36,7.87,6.78,10.16,33.52,13.97,7.13,59.97,6.48,23.03,21.15,28.14,9.11,46.72,12.82,14.96,21.24,7.34,46.02,8.22,46.33,30.23,22.82,11.97,0.56,42.99,39.97,1.77,56844,547.8,5362.9,5800.24
11/21/2011,56.19,10.08,9.81,18.98,27.91,32.79,22.7,13.15,33.09,5.24,11.47,21.77,27.89,23.68,37.36,37.27,32.7,25.06,21.11,13.25,13.3,8.08,14.97,21.5,28,10.95,13.86,5.16,13.55,17.06,12.81,7.9,8.76,29.08,5.4,6.69,25.21,3.45,25.46,11.14,48.11,7.76,6.49,9.97,33.35,13.67,6.87,58.95,6.31,22.84,21.02,27.46,8.73,47.03,12.78,14.24,21.51,7.1,45.44,8.06,46.39,29.75,22.32,11.77,0.54,42.41,39.69,1.81,55860,537.24,5222.6,5606
11/22/2011,56.25,9.96,9.64,18.93,27.57,33.06,22.69,13.12,33.25,5.11,11.41,21.92,28.33,23.58,36.97,37.03,33.04,25.37,21.29,13.43,13.66,8.24,14.94,21.38,28.31,10.99,13.44,5.3,13.55,17.04,13.03,7.87,8.73,28.96,5.85,6.58,25.07,3.43,25.46,11.1,48.33,8.11,6.51,9.79,33.52,14,6.77,59.2,6.14,23.01,21.25,27.34,8.58,47.31,12.49,14.12,21.71,6.92,45.91,8.08,46.76,29.69,21.68,11.58,0.55,42.62,40,1.81,56024,535.36,5206.8,5537.39
11/23/2011,56.81,9.73,9.34,18.34,27.1,32.34,22.11,12.83,33.48,5.1,11.3,21.76,28.49,23.73,36.87,37.72,33.36,24.91,21.37,13.21,13.09,8.16,14.58,20.8,28.36,10.67,12.91,5.24,13.37,16.85,12.62,7.55,8.58,28.65,5.81,6.67,24.5,3.26,24.56,10.81,47.53,8.42,6.29,9.73,33.43,14.03,6.82,58.92,5.93,22.79,21.04,27.93,8.48,47.26,12.3,13.84,21.66,6.79,45.9,8.1,46.71,29.68,20.7,11.01,0.53,41.61,38.99,1.84,55268,524.03,5139.8,5457.77
11/24/2011,57.39,9.87,9.28,17.93,26.99,32.05,22.06,12.51,33.62,5.08,11.46,21.57,28.27,23.79,37.21,38.03,33.24,25.29,21.39,13.44,13.13,8.16,14.63,20.7,28.22,10.63,12.9,5.3,13.24,16.59,12.57,7.66,8.56,28.53,5.65,6.72,24.62,3.22,24.87,10.86,48.09,8.27,6.24,9.92,33.4,13.87,6.77,60.62,6.03,22.94,21.14,28.26,8.63,47.38,12.37,13.55,22.1,6.74,45.5,8.04,46.47,29.42,19.96,10.55,0.53,41.36,38.79,1.87,55031,524.03,5127.6,5428.15
11/25/2011,57.61,9.75,9.21,17.94,27.19,31.68,22.03,12.56,34.02,5.3,11.64,21.72,28.72,23.78,36.86,37.94,33.86,25.21,21.68,13.73,13.44,8.26,14.69,20.89,28.3,11.02,12.91,5.39,13.08,16.5,12.44,8.02,8.6,28.75,5.83,6.78,24.63,3.16,25.44,11,48.28,8.82,6.23,10.19,33.38,13.76,6.8,61.29,6.27,22.61,20.77,28.16,8.84,47.3,12.39,13.52,22.4,6.73,46.18,8.14,47.03,29.62,19.75,10.51,0.52,40.59,38.21,1.89,55090,522.27,5164.7,5492.87
11/28/2011,57.98,10.15,9.18,18.2,27.76,32.32,22.54,13.12,34.47,5.51,11.67,21.98,29.4,24.48,37.3,38.29,34.55,25.98,22.03,14.42,13.24,8.49,15.14,21.66,28.62,11.21,13.14,5.46,13.29,16.79,12.88,8.51,8.8,29.35,6.11,6.83,24.55,3.17,25.83,11.37,50.04,9.23,6.45,10.6,34.25,14,7.03,62.41,6.4,22.87,21,28.26,9.21,47.67,12.69,14.08,22.37,6.75,46.46,8.16,47.58,29.86,19.43,11.09,0.53,41.18,38.76,1.86,56137,537.21,5312.8,5745.33
11/29/2011,58.92,10.13,9.2,17.93,27.65,31.78,22.23,13.14,34.39,5.48,11.32,21.9,28.93,24.78,38.1,38.37,34.88,25.9,21.93,14.75,13.12,8.48,15.1,21.47,28.73,11.23,13.33,5.28,12.96,16.36,12.77,8.18,8.84,29.43,5.92,6.85,24.47,3.06,25.9,11.44,50.85,9.1,6.3,10.96,34.28,13.76,7.06,62.34,6.24,23,21.04,28.34,9.25,47.23,12.76,13.62,22.53,6.74,46.33,8.2,47.34,29.86,17.87,10.34,0.53,40.42,37.99,1.85,55755,538.95,5337,5799.91
11/30/2011,59.75,10.15,9.54,18.2,28.66,32.09,22.9,13.57,34.9,5.71,11.56,22.57,30,25.54,38.2,39.2,35.62,26.45,21.93,15.14,13.25,8.84,15.35,21.94,29.05,11.32,13.77,5.34,13.29,16.81,13.45,8.27,9.21,30.74,6.04,7.03,25.45,3.05,26.68,11.79,52.2,8.54,6.42,11.41,34.91,14.13,7.17,64.6,6.52,23.56,21.53,29.14,9.65,48.08,13.34,14.13,22.73,6.91,46.84,8.29,47.57,30.91,18.16,10.47,0.54,41.01,38.5,1.81,57181,561.96,5505.4,6088.84
12/1/2011,60.74,10.49,10.18,18.81,29.53,31.9,23.83,13.74,35.66,5.83,11.47,22.9,30.18,26.3,36.34,39.88,35.79,27,21.78,15.28,13.73,9.08,15.43,22.14,29.2,11.36,13.74,5.56,13.65,17.31,14.09,8.41,9.54,31.91,6.16,7.08,25.61,3.15,27.36,12.09,52.88,8.02,6.57,11.66,35.54,14.18,7.27,67.69,6.64,23.97,21.87,29.65,9.88,48.36,13.86,14.22,22.68,7.04,46.64,8.38,47.63,31.65,18.78,10.57,0.54,40.74,38.26,1.79,58047,561.13,5489.3,6035.88
12/2/2011,61.23,10.4,10.29,19.03,29.86,32.15,23.94,13.25,35.79,5.73,11.5,22.02,29.94,25.87,35.57,38.65,35.03,26.97,21.53,15.59,14.18,8.96,15.57,22.42,28.9,11.35,13.55,5.62,13.69,17.32,14.26,8.5,9.65,32.32,6.09,7.04,25.64,3.33,27.19,12.01,51.9,8.04,6.54,11.92,35.16,14.18,7.36,67.1,6.28,24.09,21.96,28.32,9.77,47.76,14.25,14.2,22.26,6.93,46.28,8.43,47.57,31.58,19.52,10.64,0.56,41.32,38.81,1.78,58185,561.85,5552.3,6080.68
12/5/2011,61.01,10.48,10.35,19.15,30.17,32.84,23.1,13.58,35.94,5.83,11.51,22.14,29.77,25.77,36.69,38.15,35.4,27.32,21.52,15.76,14.43,9.07,15.77,22.82,29.24,11.26,13.81,5.61,14.05,17.73,14.67,8.73,9.86,32.83,6.11,6.9,26,3.5,27.42,12.18,53.13,8.18,6.67,12.28,35.42,14.39,7.47,67.16,6.43,24.59,22.37,27.74,9.89,47.69,14.21,14.58,22.35,7.01,47.47,8.72,47.91,31.1,18.95,10.82,0.55,42.11,39.47,1.78,58874,567.4,5568,6106.09
12/6/2011,61.3,10.39,10.09,19.03,29.99,32.91,23.05,13.73,36.75,5.78,11.73,22.63,29.91,25.78,37.53,38.44,36.11,27.19,22.19,15.56,14.88,9.14,15.89,23.07,29.67,11.16,13.89,5.49,14.17,17.85,14.61,8.75,9.79,32.64,6.11,6.99,26.92,3.53,27.66,12.1,52.89,8.51,6.68,11.93,35.12,14.5,7.5,66.55,6.34,24.67,22.52,27.86,9.74,47.43,14.1,14.79,22.3,7.01,47.33,8.84,48.94,31.5,18.98,10.88,0.55,41.97,39.39,1.79,58838,568.43,5568.7,6028.82
12/7/2011,62.04,10.1,9.91,18.87,30.11,32.03,22.67,13.92,37.16,5.71,11.67,22.72,30.06,26.3,37.75,38.31,35.8,27.28,22.37,15.52,14.98,9.2,15.82,22.93,29.82,10.95,14.05,5.47,14.22,17.96,15.78,8.9,9.88,32.88,6.21,7.13,27.01,3.5,27.7,12.12,52.79,8.34,6.69,12.02,34.81,14.74,7.25,66.97,6.3,24.68,22.7,27.78,9.73,46.98,14.34,14.69,22.55,7.08,46.38,8.75,49.26,31.56,18.98,10.76,0.55,40.83,38.71,1.8,58966,570.31,5546.9,5994.73
12/8/2011,62.64,9.73,9.71,18.78,29.82,31.07,22.48,13.31,36.45,5.47,11.64,22.73,29.54,26.27,36.49,38.25,35.85,27.26,22.37,15.03,14.89,8.85,15.63,22.67,29.91,11.03,13.6,5.27,13.88,17.44,15.22,8.92,9.81,32.78,5.88,6.94,27.34,3.41,27.48,11.76,51.24,8.45,6.49,11.41,34.25,14.45,7.06,65.1,6.13,23.91,22.22,27.57,9.46,46.72,14.18,14.15,22.56,6.93,45.62,8.5,49.03,31.38,18.28,10.46,0.53,39.5,37.6,1.79,57767,559.17,5483.8,5874.44
12/9/2011,63.1,9.82,9.82,18.72,30.18,31.3,22.78,13.24,36.85,5.39,11.67,22.91,29.97,26.67,36.28,38.46,36.49,27.19,22.38,15.13,14.98,8.84,15.83,23.12,30.27,11.06,13.46,5.28,13.88,17.48,15.6,8.84,9.92,33.09,5.65,7.01,27.4,3.5,27.31,11.74,51.26,8.75,6.52,11.49,34.3,14.57,7.19,66.4,6.08,24.17,22.38,27.73,9.37,47.17,14.32,14.22,22.38,6.85,45.66,8.64,49.46,31.27,18.52,10.48,0.52,39.88,37.92,1.81,58099,568.17,5529.2,5986.71
12/12/2011,63.15,9.46,9.65,18.04,29.94,30.98,22.44,12.96,36.34,5.19,11.46,23.33,29.99,26.99,35.68,38.42,36.92,27.22,22.51,15.02,15.07,8.68,15.77,23.16,30.25,10.93,13.39,5.15,13.61,17.28,15.42,8.75,9.8,32.64,5.41,6.93,27.81,3.47,26.9,11.41,50.03,8.71,6.36,11.28,33.92,14.39,7.02,66.98,5.85,23.46,21.86,27.48,9.06,47.19,14.2,13.85,22.39,6.82,45.88,8.71,49.57,31.06,18.17,10.18,0.48,39.39,37.38,1.82,57246,560.01,5427.9,5785.43
12/13/2011,63.83,9.61,9.71,17.51,30.37,31.21,22.58,13.13,36.61,5.31,11.34,23.96,30.46,26.69,36.24,38.37,37.37,27.3,22.94,15.28,15.07,8.88,16.04,23.62,30.38,11.09,13.66,5.16,13.86,17.59,15.39,8.42,9.81,32.72,5.67,6.97,27.78,3.55,26.5,11.52,50.53,8.87,6.48,11.58,34.21,14.3,7.16,67.6,6,23.63,22.02,27.5,9.13,47.95,14.26,14.03,22.57,6.9,46.61,8.81,50.09,31.07,18.52,10.22,0.45,39.64,37.76,1.84,57743,556.38,5490.2,5774.26
12/14/2011,64.18,9.46,9.55,17.72,30.1,30.66,22.18,12.96,36.05,5.2,11.12,24.2,30.66,26.67,35.53,38.14,37.76,26.36,23.28,15.16,15.25,8.71,16.04,23.78,30.4,10.87,13.54,5.05,13.72,17.46,14.54,8.49,9.82,32.64,5.62,7.03,27.76,3.52,25.53,11.43,49.57,8.97,6.32,11.26,34.07,13.79,7.12,66.67,5.84,23.08,21.55,27.54,8.83,48.37,14.13,13.68,22.58,6.82,46.85,8.87,50.37,30.82,18.4,10.15,0.42,39.05,37.2,1.87,57016,550.35,5366.8,5675.14
12/15/2011,64.56,9.31,9.79,17.89,29.54,30.26,22.01,13.02,35.97,5.18,11.06,24.57,31.23,26.57,35.63,38.23,37.23,26.22,23.58,15.38,15.29,8.74,15.84,24.23,30.48,10.88,13.2,5.06,13.76,17.48,14.55,8.82,9.81,32.32,5.62,7.21,27.69,3.53,25.96,11.63,49.33,9.01,6.32,11.3,33.99,13.56,7.23,64.16,5.87,22.87,21.36,27.89,8.77,47.69,13.94,13.58,22.76,6.75,47.52,8.9,50.66,30.45,17.97,10.19,0.41,38.5,36.89,1.86,56849,551.87,5400.9,5730.62
12/16/2011,65,9.1,9.68,18.21,29.31,29.8,21.74,12.92,35.74,5.16,11.55,24.1,31.13,26.39,36.82,38.25,37.05,26.28,23.63,15.53,15.13,8.74,16.01,23.99,30.59,10.84,13,5.08,13.71,17.42,14.15,8.85,9.73,32.06,5.7,7.08,27.6,3.4,26.52,11.67,49.47,8.66,6.44,11.4,33.89,13.09,7.14,65.09,5.87,22.38,20.94,28.03,8.73,47.59,13.84,13.31,22.55,6.52,47.57,8.92,50.94,30.54,18.02,10.09,0.4,38.21,36.55,1.85,56343,553.61,5387.3,5701.78
12/19/2011,65.49,8.93,9.52,18.4,29.54,29.59,21.56,12.78,35.43,5.05,11.75,24.12,31.26,26.53,35.88,38.87,37.18,26.29,23.85,15.26,15.25,8.58,15.85,23.85,30.73,10.84,12.66,4.72,13.43,17.06,13.25,8.77,9.7,32.18,5.92,7.19,27.44,3.39,26.86,11.33,49.15,8.34,6.34,11.08,33.7,12.84,6.95,64.55,5.66,22.27,20.83,28.54,8.46,47.6,13.7,13.16,22.46,6.24,46.94,8.86,51.16,30.42,17.58,9.89,0.37,38.06,36.32,1.86,55879,547.54,5365,5670.71
12/20/2011,65.72,9.03,9.66,18.49,30.23,30.13,21.65,13.08,35.44,5.05,11.98,24.7,31.64,26.47,35.48,39.04,38.17,26.37,24.24,14.73,15.48,8.72,15.98,24.17,31.24,11.04,12.91,4.29,13.65,17.24,13.02,8.77,9.81,32.66,6.13,7.36,27.47,3.41,26.75,11.17,48.69,8.27,6.32,10.84,33.85,13.33,7.09,65.64,5.74,22.83,21.28,28.52,8.18,48.26,13.9,13.5,22.59,6.33,47.72,8.95,51.85,30.56,17.31,9.96,0.33,38.54,36.68,1.85,56367,563.13,5419.6,5847.03
12/21/2011,65.21,8.89,9.64,17.93,30.17,30.08,22.14,13.01,35.19,5.04,12.03,24.8,31.56,26.8,33.52,38.52,38.21,26.25,24.26,14.51,15.49,8.77,16.12,24.46,31.08,11.08,13.24,4.36,13.78,17.36,12.83,8.54,9.8,32.64,6.26,7.43,27.15,3.39,26.19,10.87,47.6,8.39,6.33,10.65,33.36,13.44,7.19,65.01,5.79,22.72,21.21,27.95,8.25,47.91,14.11,13.83,22.56,6.56,47.78,9.08,51.75,30.54,16.84,10.14,0.31,38.59,36.62,1.86,56348,564.09,5389.7,5791.53
12/22/2011,65.02,8.9,9.77,17.74,30.66,30.88,22.8,12.99,35.61,5.05,12.03,25,31.62,26.7,32.59,39.04,38.12,26.19,24.5,14.49,15.39,8.85,16.56,24.74,31.42,11.22,13.66,4.31,14.11,17.74,12.81,8.61,9.98,33.36,6.43,7.51,27.19,3.39,25.81,11.25,47.95,8.66,6.4,10.51,34.01,13.54,7.31,65.68,5.76,23.22,21.62,27.85,8.18,49.32,14.54,14.06,22.56,6.68,48.25,9.19,52.37,30.59,16.66,10.29,0.33,39.53,37.5,1.86,57159,568.53,5457,5852.18
12/23/2011,65.17,9.08,9.8,17.71,30.79,31.25,22.93,13.05,36.04,5.04,12.01,25.34,32.52,26.69,33.14,38.96,39.07,26.07,24.76,14.76,15.22,8.89,16.82,24.81,31.86,11.21,14.27,4.24,14.41,18.03,12.81,8.72,10.1,33.66,6.61,7.69,27.68,3.36,25.35,11.51,48.73,8.82,6.4,10.28,34.62,13.71,7.37,65.8,5.74,23.34,21.74,27.75,7.97,49.56,14.7,14.18,22.52,6.78,48.7,9.24,53.24,30.91,16.47,10.35,0.33,39.96,37.92,1.86,57655,574,5512.7,5878.93
12/26/2011,65.15,9.11,9.78,18.1,30.44,31.27,22.92,13.06,36.1,5.08,12.05,25.6,32.34,26.66,33.24,38.81,39.18,26.53,24.98,15.15,15.37,8.83,16.72,24.6,32.14,11.15,14.37,4.29,14.44,17.99,12.91,8.65,10.07,33.48,6.88,7.57,28.24,3.37,25.83,11.51,48.79,8.59,6.4,10.55,34.72,13.82,7.44,65.9,5.83,23.29,21.7,27.77,8.15,49.74,14.68,14.37,22.49,6.82,49.64,9.19,53.71,30.76,16.36,10.4,0.34,39.77,37.85,1.86,57782,574,5512.7,5878.93
12/27/2011,65.36,9.07,9.79,18.08,30.49,31.32,23.1,13.17,36.1,5.12,11.98,25.64,32.41,26.78,33.24,38.93,39.49,26.32,25.1,15.14,15.58,8.79,16.82,24.81,32.31,11.37,14.49,4.34,14.6,18.25,12.82,8.88,10.05,33.44,6.98,7.56,28.48,3.42,25.95,11.31,47.83,8.74,6.49,10.67,34.42,13.95,7.5,66.14,5.82,23.25,21.69,28,8.19,50.45,14.97,14.38,22.26,6.92,50.29,9.32,53.98,31.3,16.17,10.49,0.32,39.89,37.74,1.86,57914,573.51,5512.7,5889.76
12/28/2011,65.35,9.03,9.6,17.7,30.14,30.67,22.68,12.87,35.76,4.99,12.03,25.33,31.78,26.75,32.5,39.13,38.59,26.19,24.89,14.76,15.57,8.63,16.36,24.32,32.16,11.45,14.14,4.22,14.34,17.86,12.19,8.76,9.9,32.94,6.58,7.53,28.07,3.43,26.11,11.09,47.45,8.47,6.51,10.52,34.56,13.75,7.27,64.46,5.68,22.55,21.15,28.15,7.94,49.6,14.59,14.27,22.21,6.88,49.8,9.29,53.88,31.26,15.45,10.35,0.31,39.1,37.16,1.86,57052,566.96,5507.4,5771.27
12/29/2011,65.81,9.05,9.46,18,30.19,30.54,22.75,12.44,35.93,4.83,12.11,25.46,31.57,26.69,32.15,39.35,38.28,26.42,24.62,14.67,15.58,8.71,16.33,24.48,32.45,11.56,13.93,4.17,14.24,17.63,12.21,8.6,9.99,33.05,6.08,7.69,27.85,3.36,25.8,11.11,47.17,8.42,6.64,10.41,34.9,13.58,7.21,65.83,5.74,22.33,20.86,28.26,7.82,49.78,14.59,14.22,22.16,6.79,49.79,9.19,54.39,31.44,16.58,10.16,0.32,38.71,36.91,1.88,56649,573.15,5566.8,5848.78
1/2/2012,66.22,9.31,9.42,18.6,30.28,31.09,23.03,12.74,35.77,5.04,12.23,25.32,31.36,26.78,33.33,39.73,37.97,26.2,24.53,14.89,15.86,8.72,16.27,24.35,32.38,11.78,14.12,4.36,14.26,17.68,12.46,8.85,9.98,33.13,5.72,7.67,27.63,3.34,26.29,11.36,48.69,8.77,6.87,10.82,34.97,13.67,7.46,65.49,5.97,22.49,21.04,28.39,8.04,49.74,14.84,14.29,22.57,6.77,49.03,9.29,54.39,31.56,16.67,10.17,0.32,39.46,37.49,1.87,57224,573.15,5572.3,5848.78
1/3/2012,65.75,9.54,9.54,19.11,30.83,32.34,23.33,13.11,35.81,5.41,12.26,24.84,31.61,26.88,33.71,39.67,37.13,26.28,24.28,15.72,16.36,8.93,16.39,24.32,32.41,11.87,14.84,4.65,14.83,18.4,12.79,9.31,10.18,33.8,5.77,7.71,27.63,3.41,27.21,11.59,49.2,9.07,7.08,11.44,35.89,14,7.62,65.94,6.21,23.38,21.77,28.37,8.54,49.8,15.34,14.91,22.5,7.06,50.22,9.45,54.61,32.18,16.85,10.64,0.33,41.07,38.95,1.85,58917,580.56,5699.9,6166.57
1/4/2012,63.75,9.45,9.7,18.9,30.84,32.31,23.07,12.82,35.93,5.47,11.94,24.95,31.23,26.77,33.79,39.8,37.09,26.66,24.3,15.71,16.06,8.84,16.89,24.89,32.41,11.86,14.91,4.58,15.12,18.8,12.67,9.49,10.26,33.99,5.92,7.78,28,3.46,26.41,11.56,48.83,9.03,6.98,11.55,35.9,13.83,7.49,65.8,6.19,23.63,21.97,28.53,8.57,51.99,15.18,15.11,22.35,7.12,50.12,9.51,55.47,32.52,16.67,10.6,0.33,41.55,39.35,1.83,59103,581.29,5668.5,6111.55
1/5/2012,62.6,9.15,9.69,18.38,30.54,31.74,22.85,12.43,36.15,5.35,11.83,25.12,30.36,26.46,34.48,39.1,37.12,26.8,24.42,15.28,15.41,8.77,16.88,25.1,32.57,11.81,14.45,4.4,15.37,19.08,12.35,9.36,10.17,33.7,5.97,7.72,28.16,3.46,25.76,11.47,49.43,9.08,6.79,11.37,35.63,13.66,7.31,65.52,6.05,23.69,22.02,27.83,8.31,51.51,14.8,15.07,22.03,6.88,49.48,9.47,56.3,32.71,16.22,10.36,0.33,40.93,38.93,1.84,58547,582.36,5624.3,6095.99
1/6/2012,62.78,9.06,9.74,18.07,31.09,31.43,22.58,12.41,36.36,5.43,11.81,25.33,30.64,25.84,35.4,39.14,37.56,26.71,24.49,15.32,15.17,8.82,16.69,24.91,32.87,11.85,14.32,4.38,15.6,19.39,12.18,10.05,10.26,34.04,6.1,7.76,28.52,3.45,25.7,11.61,50.84,8.96,6.81,11.25,35.51,13.69,7.51,66.07,6.12,23.67,22.04,28.07,8.23,51.2,14.81,15.04,22.01,6.77,49.17,9.43,56.14,32.47,16.34,10.36,0.32,40.43,38.52,1.84,58683,580.53,5649.7,6057.92
1/9/2012,62.55,9.25,9.92,17.96,31.17,31.29,22.34,12.44,35.62,5.45,11.87,25.25,30.77,25.91,35.75,38.98,37.46,26.65,24.5,15.51,15.35,8.85,16.71,24.94,33.09,11.91,14.32,4.52,15.65,19.59,12.22,10.21,10.31,34.18,5.98,7.82,29.22,3.4,26.28,11.65,51.03,8.79,6.78,11.47,35.49,13.6,7.57,66.89,6.23,23.81,22.07,28.11,8.24,51.75,15.02,15.06,21.97,6.73,48.86,9.55,56.72,33,16.72,10.5,0.35,40.37,38.43,1.84,58882,581.88,5612.3,6017.23
1/10/2012,62.14,9.38,10.21,18.03,31.52,31.77,22.83,12.48,34.99,5.5,12,25.11,30.95,26.05,37.22,39.33,37.56,27.21,24.2,15.47,15.59,8.91,16.53,24.67,33.19,11.74,14.71,4.61,16.06,20.02,12.28,10.59,10.5,34.78,5.84,7.88,29.61,3.42,26.7,11.98,52.94,8.76,6.95,11.9,36.01,14.05,7.5,67.69,6.39,24.42,22.57,28.12,8.53,51.69,15.26,15.49,21.98,6.83,49.48,9.69,56.38,32.7,17.34,10.81,0.36,40.79,38.86,1.8,59893,585.89,5696.7,6162.98
1/11/2012,62.64,9.2,10.11,17.83,31.33,31.63,23.24,12.36,33.92,5.49,11.85,25.13,30.34,26.06,37.29,39.6,37.33,27.14,23.9,15.35,15.63,8.87,16.34,24.42,33.16,11.82,14.72,4.53,16.33,20.32,12.45,10.37,10.48,34.81,5.79,7.86,29.34,3.41,26.08,12.02,52.71,8.81,6.9,12.22,36.01,14.21,7.47,67.86,6.45,24.46,22.5,28.18,8.69,51.51,15.23,15.64,21.91,6.72,49.01,9.64,56.48,32.95,17.63,10.92,0.36,40.54,38.44,1.8,59849,586.02,5670.8,6152.34
1/12/2012,62.76,9.07,9.93,17.9,31.34,31.13,23.42,12.35,34.46,5.52,11.59,25.18,30.78,26.15,37.47,39.82,37.05,27.25,23.86,15.48,15.58,8.9,16.13,24.04,33.25,11.78,14.73,4.46,16.36,20.31,12.4,10.34,10.48,34.84,5.66,7.88,29.22,3.43,25.97,11.89,52.89,8.64,6.94,12.27,35.99,14.32,7.3,68.63,6.49,24.83,22.71,28.27,8.61,51.57,15.37,15.78,21.79,6.68,48.82,9.46,56.39,33.42,17.54,11.15,0.36,40.22,38.46,1.79,59903,587,5662.4,6179.21
1/13/2012,62.67,8.95,9.77,17.86,30.9,30.6,23.51,12.32,34.76,5.36,11.46,25.09,30.61,26.13,36.96,39.69,36.71,26.87,23.91,15.03,15.59,8.9,16.08,23.99,33.17,11.69,14.74,4.27,16.15,19.93,12.15,9.94,10.39,34.64,5.43,7.76,29.01,3.37,25.39,11.69,51.87,8.42,6.82,11.68,35.9,14.16,7.13,68.98,6.26,24.88,22.64,28.31,8.34,50.66,15.25,15.46,21.59,6.89,48.12,9.29,56.43,33.56,16.77,10.98,0.38,39.28,37.82,1.79,59141,584.28,5636.6,6143.08
1/16/2012,63.24,9,9.82,18.09,31.02,30.76,23.68,12.48,35.33,5.32,11.54,25.15,30.24,26.27,37.65,40.39,37.19,26.88,24,14.98,15.54,8.89,16.21,24.08,33.21,11.84,14.76,4.22,16.4,20.29,11.99,10.1,10.44,34.88,5.42,7.89,28.9,3.36,26.37,11.89,53.13,8.44,6.89,11.79,36.26,14.8,7.19,69.72,6.31,25.36,23.13,28.87,8.27,51.16,15.41,15.74,21.33,7.07,48.37,9.23,56.13,33.68,16.65,11.01,0.37,39.77,38.13,1.78,59735,584.28,5657.4,6220.01
1/17/2012,63.59,9.14,9.86,18.18,31.06,31.59,23.9,12.55,34.81,5.42,11.6,25.36,30.67,26.31,37.4,40.79,36.72,26.73,23.7,14.87,16.04,9.05,16.18,23.71,32.8,11.79,15.24,4.36,16.62,20.81,12.16,10.25,10.45,35.08,5.65,7.91,28.85,3.39,26.27,12.02,53.06,8.41,7.06,12.18,35.91,15.32,7.21,69.5,6.5,25.54,23.53,29.28,8.43,50.55,15.55,15.87,21.53,7.34,49.32,9.33,54.66,34.14,16.96,11.09,0.37,41.17,39.58,1.78,60635,586.26,5694,6332.93
1/18/2012,63.81,9.2,9.96,18.51,31.37,32.33,24.45,13.17,34.71,5.39,11.49,25.66,31.28,26.61,38.23,41.45,36.61,26.65,23.9,14.67,16.29,9.11,16.26,23.84,32.44,11.94,15.2,4.43,16.57,20.78,12.33,10.5,10.61,35.51,5.87,7.79,28.67,3.42,26.82,12.08,53.12,8.39,7.29,12.24,36.58,15.68,7.27,69.03,6.38,25.9,23.91,29.95,8.47,51.05,15.62,16.1,21.73,7.32,50.18,9.47,54.09,34.93,17.22,11.02,0.37,41.94,40.15,1.78,61228,592.52,5702.4,6354.57
1/19/2012,64.43,9.57,10.07,18.85,31.71,32.47,24.65,13.72,35.25,5.53,11.48,25.92,31.85,26.69,39.29,41.9,36.64,26.98,23.86,15.27,16.25,9.44,16.29,23.67,32.25,12.01,15.1,4.38,16.4,20.67,12.4,11.14,10.72,35.94,5.95,7.72,28.6,3.57,27.49,12.27,54.86,8.39,7.67,12.99,36.89,15.67,7.29,70.05,6.63,26.13,24.01,30.52,8.87,51.64,15.95,16.41,21.74,7.31,50.58,9.61,54.21,35.11,17.32,11.12,0.37,42.03,40.04,1.76,61976,594.93,5741.2,6416.26
1/20/2012,63.84,9.71,9.99,19.05,31.83,32.47,25,13.66,35.26,5.65,11.57,26.17,31.13,26.75,39.46,42.23,37.07,27.08,23.98,15.67,16.25,9.64,16.17,23.53,31.86,12.1,15.32,4.27,16.47,20.81,12.35,11.47,10.74,36.11,5.96,7.77,28.19,3.72,27.89,12.43,56,8.35,7.56,13.19,37.71,15.55,7.2,71.05,6.81,25.82,23.68,30.51,8.88,51.59,16.06,16.97,21.43,7.35,49.63,9.56,54.08,34.22,17.2,11.19,0.36,41.91,39.86,1.77,62051,595.95,5728.6,6404.39
1/23/2012,63.48,9.57,10.08,19.3,31.65,32.36,24.93,13.59,34.98,5.73,11.71,26.33,30.76,26.75,39.31,41.84,36.92,26.88,23.93,16.05,16.07,9.56,15.93,23.06,31.85,12.02,15.39,4.29,16.45,20.72,12.37,11.51,10.62,35.64,5.88,7.86,27.92,3.74,27.32,12.42,56.13,8.15,7.64,13.24,37.12,15.66,7.16,71.5,6.9,26.71,24.48,30.27,8.83,52.29,16.03,17.22,21.25,7.6,49.23,9.49,53.8,33.81,17.09,11.66,0.36,41.77,40.06,1.75,62324,595.89,5782.6,6436.62
1/24/2012,63.68,9.47,10.07,19.35,31.71,32.4,24.91,13.72,34.84,5.77,11.74,26.13,30.93,26.64,39.37,41.75,36.95,26.81,24.05,15.71,16.1,9.29,15.76,22.82,31.94,11.89,15.48,4.24,16.2,20.38,12.19,11.45,10.46,34.97,5.84,7.84,27.86,3.6,27.24,12.44,57.51,7.98,7.64,12.96,36.76,15.77,7.11,71.68,6.8,27.42,25.07,30.26,8.7,52.53,15.89,17.25,21.22,7.68,49.18,9.55,53.43,33.64,16.88,11.46,0.36,41.49,40.14,1.76,62230,594.44,5751.9,6419.22
1/26/2012,63.41,9.76,10.38,19.35,32.36,32.89,25.46,14.61,34.9,6.02,11.91,26.22,31.56,26.45,40.81,41.75,37.52,27.12,24.02,16.28,16.52,9.51,15.86,22.73,32.04,11.93,15.31,4.47,16.68,20.9,12.59,11.15,10.55,35.48,5.97,7.75,27.4,3.68,27.93,13.08,58.44,8.16,7.86,13.6,37.1,16.24,7.41,72.52,7.21,27.19,24.99,30.61,9.2,53.86,16.33,17.47,21.62,7.73,48.24,9.42,53.68,33.32,17.21,11.65,0.36,42.44,40.78,1.74,63393,596.62,5795.2,6539.85
1/27/2012,62.85,10.04,10.5,19.31,32.48,32.51,25.89,15.06,34.71,6.04,11.84,26.25,31.61,26.11,41.34,41.81,37.69,27.02,23.95,16.72,16.73,9.53,16.02,22.83,31.73,11.86,14.81,4.5,16.6,20.79,12.28,10.62,10.44,35.29,5.96,7.74,26.35,3.65,27.9,12.96,57.24,8.18,7.76,13.7,37.15,15.92,7.37,72.33,7.19,26.62,24.39,30.61,9.5,53.99,16.44,17.34,21.89,7.53,47.47,9.4,53.58,33.37,17.12,11.6,0.37,42.03,40.34,1.74,63004,595.37,5733.5,6511.98
1/30/2012,62.35,10.21,10.54,19.1,31.89,32.38,25.98,14.81,34.16,5.9,11.84,26.46,31.3,26.22,40.52,42.21,39.1,26.93,23.98,16.14,16.67,9.43,16.17,23.2,31.81,11.66,14.69,4.46,16.49,20.82,11.92,10.64,10.26,34.48,6.16,7.64,26.28,3.56,27.8,12.69,55.94,8.1,7.67,13.15,36.35,16.1,7.33,71.41,6.88,26.35,24.14,30.57,9.26,54.5,16.08,17.17,22,7.48,46.84,9.56,53.43,33.49,16.97,11.56,0.36,41.97,40.17,1.75,62391,594.51,5671.1,6444.45
1/31/2012,62.65,10.38,10.66,19.11,31.04,33.63,26.08,15.04,34.35,6,12,26.82,31.61,26.82,41.42,42.25,39.44,27.31,24.28,16.1,16.88,9.64,16.34,23.42,32.29,11.84,14.41,4.79,16.44,20.78,12.01,10.76,10.15,34.19,6.36,7.79,26.56,3.59,28.48,13.06,57.34,8.03,8.08,13.07,36.27,16.38,7.39,72.19,6.94,26.45,24.19,30.2,9.28,55.38,15.74,17.34,21.93,7.52,46.78,9.5,53.54,34.34,16.85,11.66,0.36,43.2,41.32,1.74,63009,593.83,5681.6,6458.91
2/1/2012,63.39,10.68,10.96,19.36,30.77,34.42,26.44,15.13,35.23,6.16,12.48,27.12,31.67,27.09,41.39,42.77,39.55,28.17,24.33,16.44,17.05,9.87,16.4,23.57,32.81,12.19,14.3,5.07,17,21.42,12.06,10.85,10.3,34.51,6.52,7.8,26.37,3.69,29,13.18,57.69,8.2,8.57,13.26,36.65,17.34,7.45,73.91,7.14,26.78,24.51,30.66,9.59,55.86,16.14,17.56,22.63,7.6,46.95,9.43,53.63,35.16,16.67,11.78,0.37,44.33,42.32,1.74,64180,598.02,5790.7,6616.64
2/2/2012,63.71,10.66,11.22,19.59,30.89,34.63,26.2,14.81,34.8,6.22,12.75,27.11,31.55,27.91,41.02,43.97,39.19,28.29,24.22,16.74,17.08,10.06,16.12,23.12,33.23,12.05,14.45,5.29,17.37,21.7,12.54,11.15,10.37,34.72,6.51,7.62,25.98,3.7,28.48,13.17,57.92,8.16,8.49,13.3,37.31,17.24,7.5,73.88,7.26,26.55,24.34,31.14,10.01,55.73,16.47,17.31,22.97,7.93,46.16,9.44,53.08,35.46,16.56,11.65,0.36,44.38,42.43,1.73,64525,598.54,5796.1,6655.63
2/3/2012,64.38,10.6,11.45,20.43,31.25,35,26.2,14.95,34.65,6.46,12.68,27.14,31.83,28.75,41.42,44.84,39.32,28.22,24.14,17.21,17.24,10.12,16.12,23.04,33.11,11.93,14.96,5.24,17.84,22.34,13.19,11.45,10.44,34.88,6.55,7.55,25.61,3.68,29.33,13.43,59.13,8.18,8.72,13.69,38.18,17.32,7.53,74.1,7.43,26.55,24.32,31.1,10.36,56.56,16.97,17.61,23,8.21,46.51,9.42,52.02,35.78,16.78,11.9,0.36,44.85,42.81,1.72,65229,606.89,5901.1,6766.67
2/6/2012,63.43,10.54,11.45,20.31,31.2,34.72,25.97,14.93,34.12,6.38,12.96,27.11,31.56,29.36,41.59,44.2,39.15,28.09,24.31,17.32,17.17,9.92,16.29,23.33,32.67,12.09,15.4,5.15,17.86,22.27,12.73,11.18,10.44,34.94,6.58,7.4,25.39,3.72,30.02,13.41,59.07,8.14,8.63,13.91,37.62,17.34,7.35,73.44,7.54,26.59,24.29,30.87,10.19,55.97,16.81,17.58,22.62,8.15,46.02,9.26,51.26,35.28,16.72,11.9,0.36,44.58,42.63,1.72,65019,607.83,5892.2,6764.83
2/7/2012,63.36,10.68,11.48,20.03,31.29,34.6,26.09,15.41,33.71,6.26,13.18,27.29,32.85,28.98,41.06,46.34,39.86,28.23,24.83,17.26,17.1,9.81,16.39,23.37,32.9,12.26,15.49,5.22,18.03,22.42,12.73,11.48,10.51,35.18,6.85,7.54,26.05,3.8,30.08,13.52,58.78,8.21,8.84,13.66,38.34,17.31,7.36,73,7.47,27.14,24.87,33.86,10.19,57.64,16.63,17.61,22.82,8.32,46.53,9.38,51.09,35.47,16.59,12.02,0.37,44.5,42.66,1.73,65447,608.93,5890.3,6754.2
2/8/2012,62.5,10.89,11.62,20.42,31.38,34.92,26.35,15.83,33.02,6.28,12.99,27.46,33.89,29.32,41.06,45.93,40.24,28.46,24.81,17.51,17.06,9.8,16.5,23.46,32.79,12.09,15.85,5.23,18,22.31,12.82,11.62,10.74,36.17,7.09,7.64,26.48,3.83,29.76,13.51,57.51,8.34,8.74,13.54,38.59,17.52,7.37,72.57,7.53,27.33,25.22,34.92,10.23,58.14,16.96,17.59,22.49,8.39,46.65,9.33,51.14,35.26,16.6,12.12,0.36,44.53,42.79,1.72,65978,610.38,5875.9,6748.76
2/9/2012,62.55,10.7,11.49,20.37,31.09,34.67,25.95,15.3,32.81,6.23,12.91,27.82,34.27,29.47,41.09,45.84,40.31,28.76,24.81,17.04,16.83,9.66,16.74,23.63,32.6,11.97,15.94,5.17,18.02,22.41,12.71,11.91,10.72,36.07,7.05,7.73,26.19,3.74,29.7,13.36,57.85,8.52,8.59,13.01,39.15,17.35,7.37,73,7.35,27.07,25.04,35.02,9.97,58.19,17.22,17.43,22.47,8.16,46.24,9.2,51.28,35.55,16.59,12.27,0.36,43.92,42.19,1.72,65511,611.1,5895.5,6788.8
2/10/2012,62.92,10.38,11.27,20.19,30.58,34.51,25.1,14.53,33.67,5.98,12.74,28.58,35.46,29.03,40.81,44.95,40.51,28.68,24.96,16.58,16.5,9.55,17.35,24.56,32.95,12.04,15.62,4.98,17.58,21.83,12.43,11.89,10.61,35.61,7.11,7.79,26.04,3.62,29.8,13.49,57.81,8.55,8.38,12.95,38.72,16.86,7.29,73.11,7.09,25.28,23.61,34.99,9.58,57.86,17.08,17.09,22.53,8.1,46.2,9.16,52.31,35.07,16.27,12.02,0.36,43.15,41.54,1.73,64233,607.12,5852.4,6692.96
2/13/2012,63.6,10.6,11.66,20.31,30.9,35.29,25.17,14.7,33.85,6.17,12.93,28.81,34.59,29.21,41.82,45.07,40.15,28.5,25.27,17,16.27,9.76,17.24,24.5,33.02,12.3,15.92,5.11,17.57,21.92,13.2,12.35,10.78,36.3,7.33,7.89,26.04,3.69,29.49,13.77,58.42,8.76,8.61,13.54,39.66,17.23,7.31,73.09,7.42,25.47,23.74,34.98,9.91,59.09,17.58,17.23,22.64,7.98,46.63,9.31,53.14,35.06,16.11,12,0.36,44.03,42.38,1.72,65199,611.54,5905.7,6738.47
2/14/2012,63.6,11.23,11.92,20.56,30.72,34.78,26.12,14.33,33.39,6.36,13.16,28.96,34.11,29,41.9,44.98,39.91,29,25.25,17.1,15.47,9.79,16.89,23.92,33.02,12.53,15.92,5.13,17.32,21.6,14.07,12.42,10.78,36.17,7.43,7.97,26.07,3.69,29.83,13.91,58.69,8.87,8.65,13.8,39.64,17.32,7.25,73.41,7.64,24.87,23.31,34.8,10.09,60.22,17.53,17.11,22.3,7.85,46.79,9.35,53.28,34.95,15.85,11.98,0.36,43.38,41.95,1.72,65328,610.82,5899.9,6728.19
2/15/2012,63.41,11.73,11.78,21.59,30.45,34.48,27.05,14.25,34.02,6.57,13.68,29.42,35.23,29.04,42.48,45.89,40.5,29.31,25.33,17.71,15.34,9.95,17.18,24.53,33.19,12.97,16.05,5.29,17.17,21.48,14.34,12.82,10.71,35.88,7.51,8.19,26.11,3.71,31.2,13.96,60.84,9,8.67,14.24,39.22,17.51,7.3,74.11,7.76,24.37,22.84,34.75,10.28,61.65,18.01,16.65,22.29,8.12,46.85,9.42,54.1,34.86,15.62,11.87,0.38,42.71,41.38,1.72,65575,606.73,5892.2,6757.94
2/16/2012,64.47,11.27,11.42,22,30.22,34.14,27.19,14.38,34.3,6.51,13.78,29.64,35.62,29.47,43.12,47.78,40.49,29.76,25.5,17.92,15.52,10.13,17.58,25.06,33.29,13,16.24,5.36,17.04,21.47,14.29,13.17,10.6,35.4,7.31,8.22,25.98,3.69,31.11,13.92,61.95,9.2,8.75,14.54,39.98,17.25,7.25,74.5,7.7,24.77,23.17,34.29,10.38,61.95,18.07,16.55,22.44,8.29,48.18,9.59,54.46,35.85,15.45,11.8,0.38,42.21,40.94,1.73,65559,613.24,5885.4,6751.96
2/17/2012,65.36,11.31,11.33,22.37,30.49,34.22,27.04,14.87,35.43,6.53,13.74,29.66,35.93,29.84,43.74,48.06,40.91,30.32,25.84,18.14,15.63,9.85,17.82,25.18,33.47,12.91,16.58,5.39,17.45,22.09,14.79,12.72,10.68,35.67,7.12,8.3,25.84,3.7,31.32,13.97,62.48,9.71,8.94,13.97,39.45,17.58,7.26,77.62,7.71,25.01,23.61,34.51,10.38,63.57,17.88,16.73,22.84,8.49,49.29,9.79,54,36.5,15.63,11.9,0.38,41.93,41.07,1.71,66100,615.06,5905.1,6848.03
2/22/2012,64.27,11.12,11.39,22.53,30.53,34.29,27.05,14.91,35.02,6.52,14.27,29.65,36.21,30.42,43.74,47.21,40.95,28.78,25.7,18.03,15.6,9.93,17.43,24.68,33.7,13.04,16.45,5.3,17.52,22.25,14.63,12.32,10.66,35.5,7.19,8.24,25.94,3.69,31.68,14.13,62.15,9.85,8.72,13.52,39.64,17.93,7.24,79.79,7.63,24.92,23.54,34.51,10.4,63.45,17.92,16.83,23.35,8.59,50.04,9.83,54.58,37.09,15.52,11.93,0.4,41.94,41.07,1.71,66016,614.53,5916.6,6843.87
2/23/2012,64.73,11.03,11.32,21.6,30.16,34.41,26.79,15.02,34.71,6.46,13.73,30.17,35.55,30.71,43.92,47.94,40.88,28.79,25.59,17.76,15.44,9.75,17.13,24.19,33.91,12.93,16.29,5.22,17.44,22.2,14.58,12.13,10.57,35.29,7.04,8.21,26.07,3.69,32.04,14,61.7,9.56,8.91,13.63,39.37,18.27,7.31,78.41,7.49,24.91,23.55,34.45,10.28,63.35,17.7,16.73,23.76,8.55,49.34,9.99,54.31,37.56,15.53,11.83,0.4,42.51,41.46,1.7,65905,616.69,5937.9,6809.46
2/24/2012,66.1,11.3,11.31,21.19,30.04,34.77,26.4,14.97,34.75,6.47,13.52,29.89,35.49,31.2,44.26,48.92,41.36,29.39,25.77,17.84,15.85,9.65,17.31,24.52,34.07,12.93,15.63,5.21,17.56,22.35,14.56,11.63,10.57,35.28,7.06,8.2,26.01,3.77,32.25,13.99,62.07,9.34,9.32,13.58,39.93,18.21,7.49,77.25,7.37,25.45,24,34.62,10.28,63.77,17.57,16.75,24.19,8.31,49.47,10.24,54.19,37.69,15.36,11.8,0.41,43.2,42.03,1.71,66154,617.67,5935.1,6864.43
2/27/2012,66.97,11.22,11.26,21.59,29.78,34.57,26.12,14.6,35.13,6.2,13.57,29.72,35.19,31.49,44.51,48.84,41.47,29.86,25.85,17.19,15.95,9.5,17.11,24.07,33.37,12.73,15.4,5.13,17.32,22.06,14.23,11.03,10.45,34.88,7.02,8.21,26.11,3.8,32.14,13.94,60.96,9.77,9.15,13.09,39.45,17.89,7.4,77.59,6.96,25.3,24.15,34.84,9.82,63.88,17.56,16.57,24.05,8.15,49.22,9.98,54.18,37.67,15.01,11.61,0.41,42.51,41.43,1.71,65368,618.86,5915.6,6849.6
2/28/2012,67.64,11.14,11.47,21.33,30.24,34.65,26.51,14.94,35.4,6.28,13.74,30.18,35.98,31.77,44.97,49.48,42.07,29.89,25.98,17.3,16.09,9.52,17.11,24.2,33.06,12.55,15.86,5.14,17.49,22.34,14.93,11.29,10.63,35.54,7.13,8.32,26.48,3.71,32.06,13.93,61.94,10.27,9.41,13.33,39.11,17.31,7.45,77.86,7.14,25.43,24.13,34.75,10.08,63.49,17.9,16.66,24.45,8.34,49.73,9.86,55.41,38.04,15.39,11.64,0.43,42.81,41.64,1.7,65851,621.92,5927.9,6887.63
2/29/2012,67.88,11.1,11.35,22.06,30.75,35.04,26.92,15.06,35.32,6.3,13.74,30.3,35.72,32.04,45.41,49.73,42.49,30.17,26.22,17.14,15.98,9.52,17.07,24.01,33.22,12.65,15.73,4.87,17.81,22.67,15.18,11.36,10.74,36.01,7.23,8.25,26.5,3.7,31.53,14.12,62.98,10.35,9.76,13.24,39.78,17.09,7.57,78.46,7.16,25.33,24.09,34.73,10.01,64.27,18.02,16.82,24.82,8.34,49.64,10.07,55.99,38.47,15.45,11.67,0.44,42.91,41.81,1.71,66096,619.45,5871.5,6856.08
3/1/2012,67.95,10.67,11.35,22.47,31.23,35.05,27.2,15.08,35.67,6.35,14.01,30.62,35.88,31.98,44.75,50.95,43.34,30.4,26.21,17.59,15.97,9.5,17.02,23.85,33.33,12.83,15.34,4.84,17.96,22.96,14.65,11.47,11.01,36.61,7.74,8.42,26.18,3.7,32.52,14.33,63.97,10.93,9.82,13.56,40.49,17.2,7.72,79.15,7.22,25.56,24.31,34.6,9.99,64.99,18.27,16.92,25.26,8.19,49.58,10.11,56.19,39.32,15.61,11.82,0.45,42.9,41.8,1.72,66634,623.16,5931.3,6941.77
3/2/2012,68.34,10.02,11.54,22.21,31.65,35.06,27.56,15.57,35.14,6.46,13.84,30.6,35.94,31.95,45.02,51.3,44.44,30.79,26.28,18.36,15.83,9.5,17.23,24.01,33.52,12.93,15.65,4.97,18.15,23.35,14.53,11.98,11.17,37.21,8.14,8.7,26.02,3.73,32.5,13.65,62.81,10.41,9.79,14.01,40.95,17.29,7.85,79.38,7.5,26.03,24.7,34.72,10.33,66.07,18.84,17.21,25.98,8.54,49.86,10.25,56.55,39.29,15.89,12.08,0.45,43.22,42.01,1.72,67402,621.72,5911.1,6921.37
3/5/2012,68.56,9.74,11.61,22.26,31.23,34.58,27.5,15.23,34.77,6.51,13.62,30.75,35.29,32.68,46.4,51.69,43.8,30.65,26.55,18.75,16.03,9.42,17.24,24.1,33.61,12.68,15.71,5.11,17.94,23.25,14.53,11.87,11.03,36.62,8.23,8.77,26.14,3.76,31.98,13.6,62.19,10.51,9.66,14.08,40.29,17.2,7.67,79.89,7.48,25.55,24.39,34.65,10.32,66.24,18.46,17.27,26.5,8.64,49.65,10.04,56.42,38.49,16.07,12.47,0.45,42.2,41.17,1.73,67035,619.51,5874.8,6866.46
3/6/2012,68.53,9.48,11.32,22.57,30.62,33.25,27.1,14.46,34.42,6.35,13.63,30.45,34.61,32.47,45.64,51.91,43.14,30.5,26.78,18.05,15.89,9.43,17.14,23.94,33.54,12.3,15.22,4.96,17.18,22.34,13.99,11.38,10.78,35.69,8.05,8.46,25.78,3.68,31.33,13.33,61.34,10.38,9.08,13.61,39.92,16.82,7.59,78.78,7.12,24.55,23.46,34.76,9.99,65.51,17.77,16.63,26.38,8.26,49.36,9.85,56.06,38.36,15.58,12.13,0.43,40.21,39.31,1.76,65193,610.56,5765.8,6633.11
3/7/2012,69.88,9.58,11.55,22.94,30.92,32.56,27.65,14.23,35.03,6.54,14.17,30.21,35.05,33.14,47.05,51.12,42.99,30.87,26.66,18.59,15.83,9.63,17.17,24.09,33.81,12.41,15.05,5.03,16.91,21.94,14.04,11.61,10.89,36.03,8.3,8.68,25.62,3.69,31.41,13.51,63.1,10.94,8.91,14.13,41.15,17.08,7.73,79.87,7.32,24.63,23.56,34.54,10.31,65.96,18.02,16.48,26.26,8.32,49.61,9.93,57.61,38.76,15.42,11.77,0.43,39.64,38.72,1.77,65644,614.43,5791.4,6671.11
3/8/2012,71.53,9.86,11.9,23.73,31.66,32.68,27.97,14.48,35.75,6.88,14.48,30.83,35.27,32.41,48.57,51.08,43.32,31.18,26.82,19.12,15.56,9.86,17.18,24.06,33.95,12.71,14.84,5.21,17.32,22.42,14.63,11.95,11.21,37.25,8.34,8.85,25.59,3.81,33.08,13.89,64.95,11.36,9.31,14.41,41.4,17,7.7,84.7,7.63,24.88,23.83,34.75,11.03,66.58,18.35,16.86,26.59,8.04,51.17,10.29,57.72,39.42,15.91,11.89,0.44,40.28,39.33,1.77,66994,619.95,5859.7,6834.54
3/9/2012,72.79,9.9,12.06,23.87,32.08,32.52,28.03,14.53,36.4,6.72,14.44,31.53,35.64,32.9,48.47,50.36,42.18,31.18,27.3,18.52,15.55,10.07,16.87,23.71,33.73,12.87,15.48,5.25,17.61,22.85,14.71,11.62,11.33,37.91,8.28,8.85,25.62,3.85,33.58,13.82,64.81,11.48,9.2,14.1,40.9,16.89,7.53,85.96,7.47,24.7,23.59,34.66,11.07,66.17,18.39,17.04,27.03,8.08,52.67,10.54,58.13,39.4,16.4,11.98,0.45,40.33,39.23,1.78,67103,621.3,5887.5,6880.21
3/12/2012,74.17,9.53,12.03,23.91,31.9,32.24,27.67,14.51,36.82,6.59,14.12,31.64,35.97,32.06,47.29,50.3,42.58,31.26,27.7,18.12,15.21,10.02,16.79,23.68,33.65,13.11,15.46,5.24,17.73,23.04,14.33,11.36,11.17,37.47,8.09,8.91,25.56,3.78,33.39,13.72,63.6,11.36,8.9,13.77,40.38,16.66,7.43,83.84,7.3,24.41,23.16,34.44,10.72,66.36,18.19,17.04,27.38,8.06,52.45,10.4,58.02,39.36,16.65,12.01,0.44,39.83,38.65,1.82,66324,622.22,5892.8,6901.35
3/13/2012,74.23,9.85,12.17,23.92,32.39,33.19,28.35,14.57,37.3,6.81,14.33,32.33,36.24,31.22,47.78,49.96,43.04,32.14,27.68,18.9,15.42,10.47,17,23.9,33.83,13.16,15.45,5.3,18.35,23.9,14.68,12.2,11.26,37.78,8.18,9.33,25.91,3.94,33.7,13.85,63.5,11.96,9.26,13.98,40.86,16.92,7.58,83.18,7.4,24.86,23.7,34.32,11.06,67.28,18.38,17.43,27.68,8.14,53.68,10.26,58.83,39.9,17.32,12.46,0.45,41.04,39.67,1.81,67437,633.89,5955.9,6995.91
3/14/2012,74.73,9.73,12.11,23.8,32.42,33.36,28.21,14.83,37.82,6.55,14.35,32.83,36.02,31.63,48.08,49.95,43.96,32.48,27.48,18.7,15.71,10.87,16.9,23.56,34.32,13.46,15.48,5.3,18.95,24.35,14.82,12.57,11.29,37.91,8.15,9.35,26.04,4.02,33.63,13.76,64.31,12.39,9.57,14.12,41.31,17.02,7.7,83.36,7.3,25.54,24.43,34.36,10.88,67.77,18.48,18.06,27.46,8.2,53.32,10.47,59.26,40.26,17.82,13.05,0.45,41.34,40.14,1.81,68271,633.86,5945.4,7079.42
3/15/2012,73.56,9.64,11.9,23.31,32.42,33.77,27.66,14.63,37.89,6.39,14.35,32.72,35.73,31.45,47.34,49.46,43.39,33.08,27.21,17.95,15.48,10.91,16.34,22.58,34.62,13.68,15.13,5.19,18.96,24.3,15.01,12.39,11.29,37.81,8.01,9.04,26.03,3.96,32.98,13.3,62.8,11.88,9.7,13.62,40.76,17.08,7.72,82.31,7.05,24.96,24.13,34.31,10.52,68.16,18.21,18.34,27.3,8.11,52.67,10.53,59.91,39.86,17.95,13.45,0.44,41.71,40.53,1.8,67825,637.31,5940.7,7144.45
3/16/2012,73.35,9.67,11.8,23.19,32.78,34.13,27.98,14.81,38.05,6.37,14.4,32.27,35.17,31.53,47.06,49.99,43.21,33.34,26.82,17.84,15.33,11.17,16.27,22.11,34.58,13.65,14.97,5.13,18.99,24.26,14.91,12.3,11.39,38.23,8.19,8.87,25.82,4,33.77,13.39,62.89,11.5,9.55,13.86,40.14,16.98,7.86,85.18,7.01,24.67,23.73,34.31,10.42,67.5,18.28,18.4,27.06,8.13,53.6,10.83,59.3,39.7,18.4,13.39,0.45,41.83,40.56,1.8,67787,637.85,5965.6,7157.82
3/19/2012,73.85,9.48,11.84,23.21,32.58,34.31,27.73,14.89,37.78,6.24,14.53,32.44,35.24,31.65,46.96,49.91,43.23,33.1,26.86,17.6,14.93,10.97,16.3,22.11,34.85,13.73,15.17,5.11,19.09,24.4,14.61,12.35,11.38,38.18,8.36,8.62,25.81,3.93,33.9,13.53,62.43,11.71,9.6,13.52,39.72,17.14,8.06,84.78,6.74,24.97,24.09,34.38,10.24,67.59,18.16,18.42,26.88,8.19,54.17,11.04,59.55,39.61,18.98,13.5,0.45,42.07,40.95,1.81,67898,641.11,5961.1,7154.22
3/20/2012,74.79,9.11,11.6,23.03,32.05,33.59,27.56,14.48,37.39,6.1,14.48,32.54,35.52,31.37,46.45,49.9,42.73,32.85,26.53,17.63,14.77,10.74,16.2,21.93,34.77,13.53,14.87,5.01,18.58,23.78,14.4,12.33,11.18,37.49,8.15,8.3,26.14,3.91,33.43,13.45,61.55,11.58,9.28,13.56,38.86,16.99,8.02,83.53,6.69,24.63,23.93,34.34,10.11,67.44,17.83,18.15,26.84,8.13,53.91,10.9,59.38,39.05,18.71,13.42,0.44,41.22,40.16,1.83,67003,639.89,5891.4,7054.94
3/21/2012,75.38,8.95,11.55,22.79,32.02,33.67,27.33,14.38,36.67,6.07,14.63,32.67,35.51,31.41,46.03,49.35,42.82,33.51,26.66,17.8,14.67,10.61,16.04,21.7,34.77,14.04,14.79,4.99,18.29,23.48,14.18,12.91,11.11,37.35,8.17,8.5,26.09,3.98,33.42,13.41,61.13,11.46,9.22,13.64,38.81,17.13,8.2,83.66,6.67,24.58,23.95,34.34,10.05,67.62,17.54,17.76,26.68,8.13,54.1,11.18,58.77,39.72,19.02,13.29,0.44,41.33,40.34,1.83,67032,637.9,5892,7071.32
3/22/2012,75.89,8.98,11.38,22.44,31.81,33.15,26.38,14.17,36.4,5.93,14.8,32.3,35.44,31.27,45.32,49.24,42.96,33.49,26.45,17.35,14.44,10.46,15.92,21.77,34.88,13.91,14.61,4.83,17.84,22.93,13.69,12.95,10.79,36.38,7.79,8.2,25.8,3.88,32.24,13.17,60.54,11.01,8.88,13.36,39.34,16.99,8.24,82.45,6.33,24.14,23.59,34.31,9.78,67.83,17.06,17.19,26.51,8.18,53.11,11.12,58.58,39.72,18.97,12.85,0.43,40.52,39.71,1.83,65862,633.77,5845.7,6981.26
3/23/2012,76.38,9.05,11.49,22.67,32.22,32.99,26.23,14.08,35.63,6.01,14.76,31.97,35.73,31.04,46.03,49.28,43.09,33.05,26.26,17.08,14.6,10.76,15.97,21.89,34.78,14,14.61,4.82,18.16,23.41,13.44,13.1,10.66,35.99,7.63,8.28,25.66,3.75,32.2,13.46,62.16,10.76,9.04,13.41,39.84,16.36,8.39,82.21,6.47,24.23,23.59,34.47,9.91,67.39,16.96,17.22,26.61,8.2,52.74,11.04,58.46,39.52,19.71,13.17,0.44,40.57,39.59,1.82,65891,635.57,5854.9,6995.62
3/26/2012,78.75,9,11.58,23.13,32.66,33.32,26.68,14.12,36.73,6.06,14.94,32.77,35.37,31.01,47.7,49.8,43.67,33.77,26.46,17.33,14.83,11.04,15.96,22.03,34.9,14.36,14.67,4.85,18.6,23.88,12.92,13.07,10.79,36.35,7.87,8.3,25.82,3.74,32.84,13.76,63.83,10.99,9.3,13.38,40.74,15.94,8.41,85.2,6.43,24.62,23.86,34.55,10.06,68.71,17.13,17.4,27.14,8.28,53.82,11.28,58.35,39.59,20.19,13.04,0.45,40.98,39.93,1.81,66473,644.38,5902.7,7079.23
3/27/2012,78.6,8.79,11.7,23.7,32.57,33.61,26.79,14.33,37.05,5.98,15.32,34.01,34.7,31.04,48.19,50.64,42.75,33.75,26.52,17.27,15.1,10.99,16.11,22.05,34.85,14.36,14.58,4.8,18.49,23.74,13.06,12.99,10.87,36.7,7.86,8.26,25.88,3.71,33.46,13.81,64.32,11.53,9.47,12.89,41.56,15.64,8.28,86.75,6.11,24.39,23.73,34.71,9.95,68.22,17.11,17.24,27.67,8.14,54.56,11.33,58.99,39.76,20.35,12.46,0.45,41.49,40.36,1.81,66554,642.41,5869.6,7078.9
3/28/2012,76.12,8.35,11.25,23.43,31.91,33.03,26.27,13.96,36.94,5.81,15.25,33.8,33.99,30.76,47.32,50.82,41.88,33.29,26.33,16.67,15.1,10.69,16.14,21.97,34.42,14.3,14.41,4.59,17.75,22.86,12.59,12.64,10.58,35.69,7.74,8.05,25.46,3.62,33.16,13.61,62.32,11.56,9.1,12.8,39.62,15.23,8.2,85.59,6.19,23.82,23.16,34.55,9.96,68.89,16.81,16.54,27.4,7.95,53.7,11.35,59.13,39.71,19.83,11.94,0.44,40.73,39.73,1.82,65119,639.98,5809,6998.8
3/29/2012,75.58,8.18,11.03,22.85,31.49,32.93,25.73,13.6,37,5.74,14.68,33.64,34.56,30.43,46.36,50.8,41.01,32.62,26.01,16.26,14.55,10.87,15.93,21.87,34.31,14.41,14.6,4.44,17.58,22.68,12.31,12.66,10.38,35.07,7.58,8.06,25.3,3.41,33.25,13.6,61.12,11.58,8.9,12.58,39.6,15.24,8.28,85.42,6.14,23.74,22.91,34.34,9.78,69.09,16.59,16.35,27,7.71,54.04,11.38,59.49,39.58,20.01,12.03,0.43,40.6,39.56,1.83,64409,638.47,5742,6875.15
3/30/2012,74.92,8.18,10.99,23.12,31.4,33.54,25.56,13.85,36.15,5.74,14.77,33.47,34.93,30.24,46.17,51.21,41.32,32.72,25.94,16.16,14.03,11.2,15.66,21.67,34.45,14.44,14.96,4.39,17.44,22.38,12.33,12.86,10.22,34.6,7.69,8.21,25.05,3.48,33.4,13.52,60.96,11.63,9.1,12.6,39.18,15.37,8.25,85.56,6.21,23.95,23.04,34.26,9.52,69.38,16.59,16.38,27.28,7.77,54.8,11.42,60.22,39.47,20.08,12.1,0.43,41.58,40.26,1.82,64667,640.68,5768.5,6946.83
4/2/2012,75.94,8.23,11.37,24.26,31.67,34.26,25.25,14.25,35.88,5.57,15.09,34.25,35.56,30.3,47.15,52.73,43.23,33.48,26.58,15.65,14.15,11.33,15.88,22.07,34.8,14.56,15.44,4.09,17.91,22.91,12.21,12.87,10.26,34.79,7.73,8.42,24.95,3.47,33.89,13.74,61.78,11.85,9.25,11.96,39.34,15.28,8.13,87.01,5.89,24.17,23.13,34.47,9.33,72.6,16.6,16.7,27.63,8,54.68,11.56,61.25,39.76,20.32,12.38,0.43,42.71,41.18,1.83,65095,645.29,5874.9,7056.65
4/3/2012,76.63,8.19,11.36,24.29,31.57,33.95,25.21,14.45,35.86,5.48,15.41,34.7,35.44,30.49,47.29,52.69,43.11,33.81,26.48,15.92,14.62,11.23,15.43,21.19,34.47,14.55,15.68,4.08,17.66,22.74,11.95,12.67,10.17,34.53,7.74,8.45,24.86,3.46,34.75,13.78,62.22,11.82,9.03,12.13,39.73,14.58,8.03,86.34,5.74,23.57,22.6,34.46,9.32,71.65,16.47,16.45,27.39,7.92,54.26,11.63,61.12,40.36,18.95,12.11,0.42,42.17,40.96,1.83,64649,642.65,5838.3,6982.28
4/4/2012,74.58,8.17,11.12,23.71,30.83,33.36,24.26,13.94,35.33,5.65,15.42,34.32,35.33,29.85,47.18,53.15,42.75,33.77,26.09,16.46,14.87,11.52,15.3,20.82,34.38,15.2,15.19,4.19,17.19,22.21,11.46,12.53,9.95,33.69,7.72,8.36,24.63,3.42,34.22,13.65,61.92,11.79,8.97,12.55,39.73,14.13,7.9,84.94,5.81,22.87,21.77,34.71,9.32,69.79,16.23,16.01,27.58,7.8,54.04,11.46,60.74,40.33,18.48,12.07,0.41,41.16,40.15,1.83,63684,636.19,5703.8,6784.06
4/5/2012,73.93,8.15,10.99,24.01,30.49,33.2,23.56,13.77,35.04,5.79,15.58,35,35.49,29.19,47.8,54.51,43.26,33.67,26.41,16.99,14.93,11.79,15.24,20.81,34.19,15.24,15.14,4.21,17.22,22.37,11.32,12.78,9.72,32.79,7.72,8.3,24.73,3.42,33.81,13.67,62.53,11.99,8.85,13.11,39.56,14.56,7.93,85.71,5.97,22.87,21.78,34.64,9.7,70.89,15.74,16.12,27.31,7.66,54.68,11.6,60.26,40.01,19.03,12.09,0.42,40.98,40.04,1.83,63805,635.84,5723.7,6775.26
4/9/2012,73.82,8.07,10.95,23.71,30.13,32.84,23.43,13.8,34.7,5.64,15.21,35.01,35.35,28.57,46.44,53.23,42.51,33.37,26.33,16.34,14.71,11.71,14.88,20.43,33.95,15.13,14.98,4.09,16.91,21.96,11.11,12.57,9.55,32.13,7.68,8.27,24.72,3.37,33.76,13.55,61.23,12.01,8.76,12.85,39.35,14.22,7.93,85.41,5.56,22.41,21.45,34.25,9.42,71.03,15.41,15.89,27.03,7.37,54.8,11.47,60.38,39.66,18.83,11.82,0.42,40.48,39.54,1.83,62729,629.27,5723.7,6775.26
4/10/2012,74.68,7.98,10.89,24.02,30.02,32.49,23.63,13.48,34.43,5.43,15.07,35.13,35.12,28.69,44.29,53.56,42.36,33.14,26.31,15.77,14.72,11.16,14.61,20.15,33.16,15.16,14.6,4.05,16.61,21.66,11.11,12.31,9.43,31.58,7.57,8.3,24.63,3.34,33.6,13.29,58.75,11.83,8.8,12.6,40.13,13.51,7.86,84.25,5.18,22.04,21.09,34.07,9.08,68.6,15.32,15.71,26.83,7.35,54.61,11.42,60.59,39.46,19.16,11.62,0.4,40,39.18,1.83,61860,619.14,5595.6,6606.43
4/11/2012,76.27,7.9,10.67,23.24,30.61,32.89,24.06,13.38,34.24,5.3,14.95,35.85,34.83,28.88,44.01,53.63,42.88,33.24,25.98,15.75,14.23,11.24,14.53,20.23,31.85,15.6,14.66,4.04,16.85,21.86,10.91,12.16,9.44,31.82,7.21,8.45,23.71,3.23,33.09,13.34,57.49,11.56,8.79,12.43,41.58,13.35,7.59,85.32,5,22.12,21.21,33.99,8.88,68.52,15.54,15.85,26.54,7.43,54.97,11.35,60.64,39.66,18.71,11.56,0.39,40.39,39.62,1.83,61868,623.16,5634.7,6674.73
4/12/2012,77.31,7.91,10.83,23.12,30.89,33.95,24.4,13.63,34.27,5.39,14.81,36.03,34.68,29.34,43.27,54.45,43.23,31.48,25.52,15.91,14.25,11.17,14.66,20.59,31.17,15.79,15.02,4.1,17.25,22.25,10.85,12.13,9.56,32.15,7.27,8.71,23.66,3.23,32.28,13.61,57.22,11.47,8.62,12.51,42.67,13.84,7.45,87.88,4.99,22.62,21.59,33.95,8.87,69.18,16,15.99,26.67,7.53,55.55,11.59,60.66,40.16,16.65,11.28,0.39,41.85,40.83,1.83,62500,631.19,5710.5,6743.24
4/13/2012,78,7.79,10.6,22.53,30.36,34.27,23.97,13.34,33.66,5.26,14.89,35.3,35,29.02,43.7,53.97,43.37,30.93,25.24,15.62,14.03,11.32,14.51,20.43,29.59,15.77,14.8,4.05,17.11,22.11,10.71,12.45,9.44,31.58,7.06,8.72,23.64,3.23,31.41,13.54,56.68,11.28,8.7,12.19,41.82,13.94,7.22,88.27,5.04,22.37,21.5,33.52,8.7,69.27,15.61,15.87,26.93,7.24,55.37,11.51,61.07,40.08,16.8,11.21,0.38,42.54,41.6,1.84,62118,622.64,5651.8,6583.9
4/16/2012,77.63,7.88,10.66,22.49,30.21,34.36,23.68,13.27,33.81,5.17,15.26,35.23,35.35,28.79,43.58,52.04,43.2,31.17,25,15.79,14.21,11.54,14.35,20.03,29.41,15.89,14.88,3.99,17.05,22.09,10.35,12.56,9.33,31.23,7.13,8.63,23.44,3.24,31.38,13.46,56.95,11.13,8.9,12.15,42.14,14,7.28,88.35,5.03,22.15,21.32,32.93,8.75,69.03,15.27,15.71,27,7.23,54.84,11.3,61.29,40.06,16.99,11.26,0.38,42.33,41.48,1.84,61960,622.27,5666.3,6625.19
4/17/2012,78.69,8.03,10.83,22.69,30.35,34.99,23.05,13.6,34.36,5.4,15.47,35.3,35.54,29.35,45.83,50.89,43.19,31.99,24.9,16.69,14.35,11.54,15.19,20.25,28.69,15.97,15.03,4.04,17.41,22.56,11.13,12.54,9.34,31.22,7.42,8.68,23.53,3.23,32.61,13.63,59.54,11.25,9.02,12.93,43.5,13.82,7.57,89.02,5.08,22.2,21.41,32.75,9.03,69.21,15.58,16.08,27.68,7.35,54.25,11.16,61.48,40.77,17.2,11.6,0.38,42.99,41.92,1.85,62710,632.41,5767,6801
4/18/2012,79.79,8.31,10.97,23.21,30.05,35.13,22.91,14.36,34.03,5.47,15.19,36.11,35.62,29.28,45.99,51.32,44.52,32.41,25,17.11,14.23,11.54,15.2,20.36,28.91,15.91,15.32,4.12,17.79,23.1,10.74,12.53,9.24,31.02,7.71,8.72,23.62,3.25,33.89,13.59,60.71,11.4,9.24,12.6,43.09,13.58,7.47,89.01,4.88,22.37,21.4,32.52,8.97,69.86,15.58,16.35,28.05,7.43,53.99,11.03,60.95,41.67,18.05,12.02,0.39,43.55,42.36,1.87,62958,629.83,5745.3,6732.03
4/19/2012,81.16,8.41,10.94,23.56,30.18,35.1,23.3,14.24,34.35,5.37,15.14,36.68,35.27,29.9,45.4,50.33,44.5,32.55,25,17.24,14.01,11.43,14.85,20.33,29.36,16.41,15.36,4.03,17.84,23.22,10.48,12.43,9.28,31.14,8.06,8.76,24,3.24,34.43,13.51,58.81,11.22,9.25,12.38,42.78,13.11,7.91,89.34,4.83,22.27,21.38,32.22,8.87,70.64,15.6,16.24,28.25,7.44,54.05,11.17,60.3,42.28,18.04,11.82,0.39,43.39,42.19,1.89,62843,625.29,5744.6,6671.22
4/20/2012,82.51,8.23,10.98,23.38,30.3,34.96,23.6,14.24,34.88,5.34,15.15,36.97,35.56,29.84,45.55,49.91,44.58,31.96,24.89,16.62,14.24,11.5,14.64,20.31,28.59,16.04,15.77,3.95,17.81,23.13,10.32,12.46,9.54,32,7.78,8.86,24.25,3.24,33.9,13.5,58.69,11.18,9.6,12.01,43.34,13.18,8.08,89.37,4.69,22.32,21.37,32.19,8.71,71.38,15.79,16.15,28.88,7.53,54.04,11.14,60.57,42.2,18.29,11.72,0.39,43.22,42.05,1.88,62889,626.1,5772.2,6750.12
4/23/2012,80.97,7.99,10.54,22.83,29.93,34.51,23.16,13.84,34.3,5.08,14.91,36.69,35,29.94,44.28,49.61,44.49,30.69,24.65,15.86,13.43,11.44,14.78,20.56,27.58,15.83,15.07,3.71,17.18,22.32,9.86,12.05,9.32,31.31,7.27,8.69,24.36,3.15,33.13,13.06,57.92,10.76,9.44,11.31,42.56,12.8,8.27,86.7,4.4,21.88,20.98,32.23,8.27,69.48,15.27,15.74,28.56,7.4,53.77,11.07,59.98,42.23,17.63,11.27,0.37,42.46,41.32,1.89,61288,621.42,5665.6,6523
4/24/2012,80.84,8.13,10.47,22.59,30.21,34.77,23.12,13.83,34.99,5.15,14.93,37.39,34.21,30.27,44.73,51.55,45.2,31.1,24.86,15.81,13.25,11.42,15.03,20.82,28.68,16.21,15.79,3.73,17.27,22.51,10.15,12.18,9.3,31.34,7.12,8.76,24.84,3.21,32.42,13.13,58.44,10.75,9.79,11.37,42.72,13.03,8.81,85.68,4.4,21.89,21,32.19,8.52,70.28,15.5,15.79,28.79,7.49,53.56,11.02,60.68,41.68,17.29,11.13,0.37,42.83,41.66,1.88,61664,624.15,5709.5,6590.41
4/25/2012,81.82,8.2,10.67,23.07,29.6,34.58,22.65,14,35.47,5.22,14.94,37.8,34.39,30.27,44.57,52.09,46.68,31.65,25.4,16.37,13.01,11.59,15.21,21.03,29.08,16.3,15.27,3.84,17.63,22.97,10.15,12.18,8.81,29.56,7.41,8.88,24.48,3.24,32.82,13.35,58.32,10.96,9.74,11.26,44.43,13.46,8.99,84.37,4.49,21.84,20.97,32.1,8.64,71.36,15.34,16.03,29.08,7.26,53.47,11.17,61.04,42.07,18.02,11.37,0.37,42.5,41.33,1.88,61810,632.86,5718.9,6704.5
4/26/2012,81.34,8.2,10.61,23.69,29.49,34.37,22.62,13.69,35.52,5.17,14.91,37.61,35.07,29.68,44.54,54.34,46.48,32.18,25.36,16.67,12.95,11.37,14.88,20.42,29.1,16.26,14.84,3.78,17.71,22.96,10.14,12.15,8.69,29.06,7.57,8.97,24.29,3.21,32.23,13.38,57.95,10.8,9.48,11.29,43.04,13.89,9.07,84.32,4.57,21.95,20.92,31.95,8.36,71.72,15.27,15.99,29.35,7.15,53.25,11,60.24,42.12,18.01,11.14,0.38,42.16,40.99,1.89,61710,636.79,5748.7,6739.9
4/27/2012,81.57,8.4,10.54,23.93,29.81,34.71,22.86,13.65,35.53,5.11,15.02,37.51,35.58,29.5,46.27,55.5,46.63,32.51,25.73,15.81,13.37,11.26,14.88,20.76,29.1,16.22,15.04,3.67,17.7,22.99,10.28,12.19,8.86,29.46,7.62,8.98,24.74,3.23,32.21,13.76,59.98,10.74,9.31,11.14,43.26,13.75,9.45,86.83,4.51,21.92,20.8,32.22,8.14,73.36,15.21,16.04,29.43,7.18,53.66,11.23,60.72,42.71,18.44,11.08,0.38,42.32,41.33,1.89,61930,637.99,5777.1,6801.32
4/30/2012,79.68,8.26,10.44,23.61,30.04,34.63,22.99,13.52,34.47,5.04,14.68,37.48,35.87,29.26,46.4,57.01,47.47,32.35,25.77,15.35,13.59,11.08,14.93,20.94,29.13,16.19,15.21,3.52,17.58,22.84,10.13,12.27,8.9,29.46,7.5,8.98,24.74,3.19,32.38,13.9,60.83,10.61,8.97,10.71,43.04,13.33,9.5,87.86,4.35,22.04,20.83,31.81,7.93,74.37,15.23,16.16,29.31,7.21,53.91,11.26,60.56,42.61,18.19,10.91,0.39,42.32,41.18,1.89,61475,635.45,5737.8,6761.19
5/2/2012,79.61,8.1,10.66,23.91,30.22,35.24,22.58,13.4,33.96,5.07,15.04,36.96,36.14,29.82,47.64,58.21,47.43,32.43,25.83,15.51,13.46,11.15,15.01,21.08,29.32,16.12,15.24,3.59,17.55,22.97,10.07,12.34,8.85,29.34,7.53,9.02,24.71,3.22,32.35,14.06,62.35,10.3,8.79,11.04,42.89,13.73,9.3,89.33,4.39,22.7,21.57,32.23,8.02,74.13,15.37,16.18,29.03,7.26,55.26,11.24,60.56,42.98,18.35,10.91,0.39,42.84,41.66,1.91,62064,637.27,5758.1,6710.77
5/3/2012,80.26,8.11,10.68,23.96,29.66,35.44,22.17,13.58,33.81,5.25,15.2,36.52,35.92,30.07,48.06,57.53,46.42,32.43,25.75,16.06,13.27,11.09,14.91,20.84,29.74,16.18,15.63,3.84,17.27,22.56,10.08,12.27,8.72,28.76,7.49,8.84,25.66,3.18,33.07,14.24,62.94,9.83,8.67,11.68,43.51,13.87,9.32,89.4,4.71,22.29,21.39,32.22,8.39,75.41,15.31,16.07,28.52,7.36,54.7,10.74,62.25,42.76,18.31,10.85,0.39,42.75,41.56,1.93,62110,632.97,5766.6,6694.44
5/4/2012,78.99,7.9,10.52,24.16,29.58,34.55,22.31,13.48,33.81,5.3,15.63,36.09,35.67,30.29,47.78,57.24,46.03,32.71,25.56,16.06,13.43,10.63,14.79,20.6,28.37,15.94,15.6,3.85,16.53,21.49,10.43,12.07,8.65,28.47,7.4,8.73,25.91,3.2,31.94,14.29,62.44,9.83,8.52,11.91,42.59,13.42,9.18,89.01,4.86,21.36,20.44,32.06,8.34,74.46,15.17,15.65,28.25,7.37,54.75,10.68,63.92,41.74,17.85,10.4,0.37,41.43,40.41,1.92,61213,622.73,5655.1,6561.47
5/7/2012,79.42,7.83,10.48,23.83,29.31,34.41,22.38,13.37,33.7,5.22,15.88,35.91,34.93,30.05,47.04,56.35,45.65,32.79,25.48,15.71,13.89,10.7,14.88,20.5,28.28,15.88,15.52,3.91,16.17,21.15,10.8,12.59,8.66,28.53,7.37,8.82,26.18,3.24,31.9,13.95,61.78,9.71,8.38,11.77,41.77,13.89,9.23,87.77,4.9,21.19,20.27,32.06,8.21,74.19,15.46,15.36,27.78,7.33,54.7,10.41,64.46,40.55,17.3,10.15,0.38,41.36,40.25,1.93,60929,623.36,5655.1,6569.48
5/8/2012,78.96,7.66,10.36,23.67,29.19,33.66,22.23,13.16,33.15,5.08,15.96,36.41,35.71,30.35,46.23,56.21,45.76,32,25.44,15.79,13.59,10.71,14.77,20.21,27.84,15.74,15.14,3.81,15.89,20.63,10.71,12.27,8.72,28.65,7.32,8.73,26.09,3.19,31.28,13.61,61.04,9.61,8.19,11.84,42.09,13.68,9.31,85.19,4.84,20.83,19.99,32.03,7.76,74.21,15.52,14.89,27.74,7.16,54.36,10.55,64.57,40.38,16.95,10.08,0.37,40.36,39.43,1.94,60223,620.94,5554.6,6444.74
5/9/2012,77.81,7.13,10.02,22.91,29,33.84,21.91,13.13,32.96,4.99,15.57,36.36,35.68,30.31,45.3,57.8,45.97,32.09,25.43,15.28,13.28,10.54,14.71,20.16,27.72,15.83,14.91,3.78,15.92,20.72,10.27,12.11,8.64,28.33,7.06,8.68,26.1,3.17,30.81,13.3,61.48,9.6,8.16,11.51,41.9,13.38,9.17,85.21,5.01,20.69,19.84,31.9,7.36,75.52,15.68,15,27.07,6.98,54.6,10.42,62.98,40.84,16.57,10.18,0.39,40.33,39.33,1.96,59806,616.13,5530.1,6475.31
5/10/2012,77.51,7.09,10.02,23.07,29.36,33.92,22.12,12.79,33.7,4.9,15.72,36.34,36.54,29.92,46.23,59.01,46.5,32.18,25.4,14.81,13.72,10.76,14.86,20.07,27.95,15.68,14.65,3.73,16.44,21.28,10.09,12.13,8.73,28.78,7.22,8.49,26.14,3.18,30.79,13.74,62.49,9.62,8.2,11.34,42.27,13.67,9.26,86.02,4.85,20.79,20.01,32.09,7.18,75.98,16.26,15.32,26.83,6.8,53.9,10.66,63.86,41.47,16.83,10.4,0.43,40.67,39.58,1.96,60215,618.05,5544,6518
5/11/2012,76.77,7.14,10.03,23.21,29.24,33.2,21.98,12.4,33.68,4.94,15.7,36.69,37.25,30.02,47.29,59.66,46.51,32.17,25.51,14.87,14.01,10.81,14.92,19.96,27.34,15.45,14.54,3.7,16.44,21.31,10.23,12.12,8.71,28.62,7.28,8.59,25.58,3.15,31.05,13.93,63.37,9.8,8.17,11.33,42.51,13.75,8.93,85.67,4.6,20.41,19.57,32.85,7.19,75.64,16.12,14.73,26.89,6.74,53.43,10.82,64.09,41.36,16.66,10.4,0.44,39.75,38.6,1.95,59802,615.34,5575.5,6579.93
5/14/2012,76.53,7.06,9.78,22.9,28.62,32.28,21.02,11.96,33.08,4.37,15.43,35.37,35.73,29.78,45.28,59.02,45.03,31.2,24.95,14.39,13.86,10.4,14.59,19.53,25.98,15.33,14.14,3.76,16.11,20.65,9.72,11.84,8.53,28.18,7.23,8.3,25.58,3.03,30.34,13.57,61.74,9.34,7.98,10.88,41.55,13.09,8.54,83.61,4.16,19.98,19.07,32.62,6.67,73.8,15.8,14.3,27.2,6.63,52.23,10.71,62.69,40.93,15.76,10.09,0.42,38.61,37.53,1.99,58125,608.6,5465.5,6451.97
5/15/2012,77.26,6.64,9.64,22.48,28.55,32.25,20.46,11.92,32.81,3.99,15.34,34.31,35.22,29.68,43.67,58.48,44.31,30.74,24.65,14.46,13.98,10.29,14.43,19.33,25.68,15.2,14.03,3.53,15.98,20.29,9.51,11.69,8.52,28.38,6.91,8.12,25.11,2.9,29.86,13.2,59.9,9.59,7.76,9.49,40.6,12.43,8.34,82.26,3.79,19.65,18.81,32.41,6.13,71.78,15.91,13.99,26.94,6.54,51.98,10.82,62.09,40.87,15.63,10.02,0.41,38.65,37.68,1.99,57134,605.32,5437.6,6401.06
5/16/2012,77.06,7.18,9.4,22.74,27.95,31.67,20.09,11.86,32.69,3.87,15.29,34.47,34.69,29.72,43.23,57.2,45.83,30.4,25.11,14.35,13.87,10.17,14.62,19.41,25.91,15.15,13.87,3.31,15.97,20.22,9.56,11.85,8.37,27.86,6.28,8.16,25.03,2.77,29.99,12.86,59.02,9.9,7.42,8.96,40.7,11.58,8.15,82.45,3.63,20.02,19.27,32.56,5.76,71.88,15.91,13.75,26.97,6.14,52.14,10.6,63.44,40.5,14.42,10.06,0.4,37.7,36.74,2,56175,603.5,5405.3,6384.26
5/17/2012,76.49,7.11,9.12,22.71,26.9,30.42,19.3,11.32,32.68,3.83,15.64,34,33.8,29.53,42.34,56.69,45.33,29.34,24.85,14.45,13.7,10.06,14.75,19.48,25.97,14.76,13.75,3.13,15.65,19.72,9.59,11.79,8.09,26.91,6.05,7.9,24.91,2.61,29.4,12.4,57.37,9.88,7.17,9.43,40.15,11.47,7.85,80.56,3.59,19.48,18.81,32.05,5.7,70.03,15.34,13.36,26.91,6.32,50.98,10.34,63.1,39.41,13.72,9.79,0.39,36.43,35.46,2,55106,595.89,5338.4,6308.96
5/18/2012,76.9,7.04,9.1,21.58,26.76,30.4,19.62,10.83,32.22,3.74,15.49,34.44,33.42,28.78,43.05,56.18,43.93,29.13,24.69,14.25,13.49,9.86,14.43,19.1,25.88,14.65,13.4,3,15.41,19.45,9.56,11.59,8.15,26.99,5.8,7.95,24.45,2.51,29.78,12.47,58.39,9.59,7.13,9.7,40.5,11.18,7.86,80.78,3.19,19.75,18.92,30.67,5.34,69.42,15.36,13.13,27.19,6.05,51.52,10.16,63.48,39.33,12.96,9.33,0.39,36.32,35.26,2.01,54397,591.61,5267.6,6271.22
5/21/2012,76.41,6.98,9.21,21.74,28.06,31.3,20.74,11.13,32.51,3.75,15.81,34.53,33.15,28.38,43.07,54.13,43.41,29.7,23.8,14.41,13.42,9.95,14,18.63,26.36,14.87,13.78,2.93,16.36,20.48,9.93,11.43,8.41,27.92,5.87,8.1,24.09,2.68,31.19,12.49,59.36,9.7,7.48,10.04,40.83,12.02,7.86,82.61,3.23,20.8,19.97,30.04,5.52,70.01,15.9,13.79,26.94,6.06,51.6,10.18,61.6,40.28,12.92,9.76,0.39,37.57,36.67,2.04,55874,599.84,5304.5,6331.04
5/22/2012,76.63,6.66,9.3,21.69,28.57,31.24,21.24,11.23,32.46,3.61,15.62,35.05,32.87,28.45,41.6,53.46,43.43,29.46,23.9,13.92,13.44,9.68,13.69,18.06,26.62,14.96,13.72,2.81,16.49,20.56,9.49,10.91,8.52,28.4,5.77,8.11,23.88,2.57,30.13,12.23,58.43,9.4,7.23,9.73,41.21,11.74,8.04,81.96,3.12,20.8,20.04,30.87,5.37,70.53,16.26,13.94,26.65,6.05,52.01,10.13,62,40.6,12.73,9.72,0.37,37.55,36.58,2.05,55730,600,5403.3,6435.6
5/23/2012,75.18,6.39,8.96,20.8,27.86,30.79,20,11.1,31.91,3.52,15.3,34.88,33.07,27.49,38.99,51.79,42.45,28.69,23.52,13.61,12.95,9.26,13.3,17.69,25.89,14.78,13.48,2.62,16.16,20.13,9.02,10.22,8.29,27.67,5.67,7.91,23.81,2.36,28.79,11.42,56.32,9.13,6.78,9.31,40.56,11,7.7,78.01,2.99,20.04,19.27,30.89,5.22,70.07,16.18,13.44,25.95,5.8,50.46,9.84,62.52,39.5,12.15,9.36,0.37,37.1,36.21,2.08,53967,600.55,5266.4,6285.75
5/24/2012,75.43,6.06,9.14,20.6,28.11,30.87,20.16,11.11,31.62,3.53,15.01,34.72,33.71,26.83,38.59,50.99,41.69,28.34,23.49,13.85,12.99,9.43,13.1,17.26,25.3,14.65,13.22,2.66,15.97,20.02,8.59,10.17,8.29,27.81,5.77,7.72,23.61,2.36,28.71,11.56,57.39,8.81,6.69,9.26,40.18,11.11,7.46,77.14,3.16,19.58,18.82,30.89,5.35,69.84,15.56,13.18,25.54,5.63,49.63,9.59,61.98,39.12,11.55,9.2,0.36,37.4,36.61,2.04,53807,601.4,5350.1,6315.89
5/25/2012,75.13,6.12,9.45,21.41,28.44,30.64,20.38,11.19,31.65,3.95,14.97,34.39,33.48,27.45,40.31,51.72,41.57,28.85,23.13,14.67,13.39,9.55,12.99,17.47,25.2,14.19,13.47,2.8,16.05,20.13,8.52,10.53,8.43,28.23,6.09,7.78,24.04,2.39,29.48,12.06,58.7,8.97,6.88,9.69,41.16,11.19,7.48,79.13,3.58,19.49,18.78,30.98,5.8,69.45,15.48,13.15,25.63,5.62,49.41,9.62,60.46,38.96,11.59,9.27,0.38,36.66,35.91,2,54533,599.18,5351.5,6339.94
5/28/2012,75.52,6.16,9.5,22.28,28.25,30.97,20.3,11.27,32.22,4.17,15.28,34.48,33.9,28.03,40.88,53.98,41.91,28.89,23.59,15.25,14.05,9.64,13.13,17.75,25.29,14.51,13.62,2.87,16.27,20.41,8.63,10.78,8.49,28.32,6.09,7.85,24.2,2.44,29.64,12.5,59.61,9.63,7.09,9.87,41.24,11.41,7.62,79.19,3.87,19.69,18.95,31.23,6.04,69.78,16.02,13.13,26.49,5.67,50.47,10,60.29,39.4,11.49,9.31,0.38,36.99,36.18,1.98,55347,599.18,5356.3,6323.19
5/29/2012,75.66,5.98,9.66,21.83,28.44,31.48,20.09,11.32,31.7,3.88,15.33,34.55,33.57,28.45,40.76,53.95,41.35,28.83,23.33,14.76,13.98,9.49,12.84,17.51,25.11,14.32,13.68,2.74,16.29,20.43,8.78,10.76,8.43,28.09,5.98,7.77,24.04,2.49,29.8,12.06,58.21,9.49,7.36,9.49,41.31,11.4,7.63,77.66,3.52,19.7,18.93,30.95,5.75,70.25,15.94,13.14,26.57,5.73,49.73,9.72,59.2,39.9,11.21,9.16,0.37,37.65,36.73,1.99,55014,605.65,5391.1,6396.84
5/30/2012,75.85,5.82,9.55,21.32,28.52,30.94,19.52,11.04,30.89,3.57,15.42,34.66,33.65,28.4,40.29,52.62,40.21,28.15,23.24,14.27,13.78,9.43,12.84,17.72,24.15,14.16,13.14,2.55,15.96,19.94,8.44,10.37,8.3,27.7,5.87,7.85,23.57,2.35,30.35,11.68,57.84,8.96,6.89,8.9,41.32,10.72,7.6,77.06,3.23,19.31,18.47,30.57,5.4,69.54,15.56,13.06,26.21,5.5,48.5,9.67,58.92,39.51,10.81,8.91,0.36,37.04,36.16,2.01,53710,598.17,5297.3,6280.8
5/31/2012,75.43,6.02,9.49,21.96,29.02,31.1,19.39,11.13,30.98,3.54,15.55,34.98,34.33,28.9,41.01,53.63,40.46,29.26,23.94,14.88,14.01,9.55,13.2,18.34,23.69,14.15,13.22,2.52,15.76,19.76,8.1,10.86,8.54,28.39,5.57,8.32,23.79,2.32,31.49,12.01,57.94,9.11,6.51,8.6,42.25,10.18,7.52,76.09,3.36,19.46,18.58,30.85,5.31,70.41,15.84,12.99,26.48,5.09,47.53,9.9,58.78,40.39,9.38,8.6,0.37,37.23,36.32,2.02,53778,597.29,5320.9,6264.38
6/1/2012,74.31,5.81,9.37,21.38,29.28,31.02,19.54,11.1,30.27,3.53,15.67,34.69,34.01,28.61,39.85,54.77,41.03,28.92,23.52,14.91,13.71,9.58,13.01,18.23,23.62,13.87,12.88,2.46,15.73,19.72,8.17,10.52,8.58,28.56,5.6,8.39,23.43,2.22,31.57,11.88,56.98,8.7,6.17,8.26,42.35,9.93,7.43,75.81,3.24,19.61,18.79,31.52,5.22,70.81,15.83,12.87,26.58,5.09,48.37,9.95,59.42,40.68,9.19,8.36,0.36,37.04,36.26,2.04,53712,583.83,5260.2,6050.29
6/4/2012,72.34,5.59,9.46,21.29,29.09,30.85,19.15,11.02,31.2,3.48,15.77,34.89,34.75,28.64,39.79,54.69,41.51,28.76,23.84,15.08,13.43,9.61,13.17,18.38,24.03,13.67,12.83,2.33,16,20.12,8.08,10.72,8.46,28.11,5.57,8.36,24.11,2.17,31.94,11.84,57.36,8.57,6.22,8.46,42.57,9.88,7.25,75.71,3.32,19.92,19.07,31.78,5.06,70.81,15.56,12.78,26.53,4.92,48.49,9.97,60.01,40.68,9.29,8.32,0.37,36.73,35.96,2.04,53662,584.27,5260.2,5978.23
6/5/2012,72.24,5.25,9.55,21.54,28.61,30.59,18.71,10.85,31.26,3.33,15.48,34.55,34.5,28.87,39.86,55.4,41.22,28.87,23.75,14.57,13.44,9.36,12.99,18.04,24.41,13.61,12.68,2.25,16.12,20.36,7.87,10.77,8.35,27.75,5.56,8.38,24.43,2.14,32.33,11.94,56.92,8.7,6.06,8.03,42.57,9.51,7.03,75.75,3.31,19.83,19,31.69,4.8,70.43,15.37,12.68,26.06,4.75,48.11,10.04,60.39,40.67,8.42,7.9,0.37,36.75,35.94,2.03,53289,586.4,5260.2,5969.4
6/6/2012,74.08,5.28,9.71,21.87,29.25,31.18,18.75,10.57,31.61,3.37,15.79,34.96,34.28,28.56,40.37,56.43,41.31,29.43,23.63,14.92,13.65,9.34,13.11,18.38,24.39,13.85,12.59,2.19,16.46,20.5,7.82,10.84,8.47,28.13,5.63,8.73,24.71,2.15,30.97,11.85,56.47,9.13,6.31,8.22,42.79,9.73,7.08,75.48,3.34,20.04,19.18,31.9,4.82,70.23,15.73,12.54,26.64,4.7,47.54,10.14,60.64,41.6,8.16,7.76,0.37,37.75,36.8,2.02,53715,600.13,5384.1,6093.99
6/8/2012,74.47,5.39,9.98,22.07,29.55,31.43,18.65,11.05,32.39,3.35,15.89,35.35,34.29,28.01,41.53,56.02,41.87,28.95,23.74,15.17,13.53,9.48,13.5,18.78,24.54,13.72,12.7,2.36,16.56,20.64,7.9,11.04,8.59,28.68,5.62,8.7,24.68,2.16,29.95,11.84,56.86,9.46,6.46,8.41,42.86,9.92,7.04,74.51,3.29,19.71,18.88,31.66,4.91,71.42,15.48,12.54,26.73,4.79,47.51,10.03,60.74,41.37,8.53,7.64,0.37,38.21,37.23,2.04,54084,605.62,5435.1,6130.82
6/11/2012,74.05,5.51,10.01,22.23,29.91,31.31,19.04,11.01,32.1,3.39,15.71,35.74,34.82,26.96,41.85,56.43,41.89,28.88,23.91,15.37,13.67,9.7,13.54,18.67,24.87,13.6,12.64,2.73,16.79,20.91,8.09,11.26,8.64,28.78,5.75,8.65,24.18,2.23,30.73,11.89,57.91,9.43,6.53,8.53,43.07,9.83,7.14,74.69,3.38,19.48,18.73,31.76,5.06,72.59,15.66,12.51,26.52,4.78,48.52,10.15,61.8,41.35,9.04,7.95,0.37,38.19,37.28,2.03,54535,598.73,5432.4,6141.05
6/12/2012,74.18,5.62,10.04,22.54,30.26,31.65,18.94,11.16,32.23,3.38,15.76,36.43,34.79,26.92,42.85,56.84,42.48,29.42,24.55,14.78,13.85,9.81,13.75,18.95,25.28,13.76,12.75,2.71,16.96,21.14,8.3,11.43,8.73,29.03,5.73,8.62,24.04,2.2,31.95,12.13,58.47,9.43,6.36,8.26,44.41,9.31,7.21,76.52,3.34,19.23,18.5,31.94,5.01,73.44,16.05,12.45,26.44,4.55,49.21,10.48,61.68,42.69,9.29,7.79,0.37,38.41,37.35,2.06,54524,605.72,5473.7,6161.24
6/13/2012,74.36,5.89,10.57,23.02,30.5,32.12,19.02,11.9,32.46,3.5,15.81,36.82,34.89,26.76,42.54,56.82,42.96,30.16,24.96,15.33,13.98,9.99,13.93,19.17,25.47,13.8,12.95,2.77,17.09,21.39,8.4,11.88,8.78,29.25,5.83,8.52,24.33,2.24,31.54,12.35,59.59,9.52,6.48,8.44,44.49,9.58,7.39,75.98,3.46,19.48,18.72,32.06,5.17,75.47,16.22,12.51,26.04,4.42,48.63,10.63,62.51,43.48,9.55,7.75,0.38,38.77,37.73,2.06,55270,602.44,5483.8,6152.49
6/14/2012,74.94,6.16,10.84,23.06,30.65,32.03,18.8,11.89,32.9,3.6,15.88,36.73,35,25.54,41.57,56.22,43.4,30.28,25.03,15.36,13.87,9.9,13.93,19.18,25.72,13.73,12.66,2.95,17.29,21.69,8.73,11.97,8.84,29.21,5.84,8.61,24.21,2.25,31.02,12.21,59.05,9.57,6.57,8.75,44.16,9.65,7.3,76.69,3.46,19.04,18.37,32.39,5.25,75.49,15.97,12.62,26,4.11,48.17,10.72,63.42,42.77,9.66,7.85,0.38,38.73,37.71,2.07,55479,609,5467.1,6138.61
6/15/2012,74.2,6.09,10.68,23.18,30.86,32.44,18.67,11.9,32.77,3.67,16.06,36.65,34.95,25.63,41.07,54.61,43.61,30.02,25.2,15.57,13.92,9.9,14.37,19.5,25.47,13.52,13.28,3.03,17.57,22.05,9.38,11.99,8.86,29.46,5.91,8.69,23.66,2.24,31.15,12.25,59.43,9.48,6.85,8.99,44.08,9.68,7.47,75.64,3.53,18.78,18.12,31.88,5.24,74.6,15.64,12.54,25.12,4.24,47.9,10.7,62.7,42.29,9.52,7.42,0.38,39.47,38.3,2.04,55444,614.84,5478.8,6229.41
6/18/2012,76.17,6.13,10.34,23.65,30.97,32.5,19.15,12.08,32.85,3.7,16.61,36.89,34.86,26.02,40.77,55.66,43.68,30.79,25.19,15.73,14.13,9.91,14.17,19.4,25.59,13.63,13.38,3.09,17.69,22.15,9.56,11.99,8.95,29.73,5.95,8.69,23.74,2.22,30.41,12.3,59.4,9.47,6.92,9.14,44.79,10.02,7.47,76,3.69,19.41,18.79,33.22,5.27,74.67,15.64,12.29,26.02,4.55,48.51,10.67,62.65,43.16,9.37,7.14,0.37,39.76,38.63,2.06,56221,615.29,5491.1,6248.2
6/19/2012,78.47,6.27,10.11,24.15,31.17,33,20.14,12.25,33.31,3.63,16.84,37.01,35.62,26.7,41.96,57.35,44.02,30.94,25.16,15.71,14.27,10.01,14.25,19.6,25.74,13.71,14.16,3.07,17.54,22.09,9.81,12.07,9.05,30.09,6.29,8.8,24.13,2.27,30.53,12.35,59.62,9.57,6.98,9.19,45.5,10.25,7.41,76.46,3.6,20.36,19.62,33.33,5.36,76.21,15.8,12.08,26.73,4.71,49.69,10.79,62.6,44.26,9.1,6.91,0.38,40.7,39.56,2.04,57011,620.91,5586.3,6363.36
6/20/2012,77.14,6.18,10.06,24.32,30.61,33.27,20.19,12.47,32.97,3.68,16.34,36.76,35.29,26.77,41.7,57.36,43.44,30.57,25.06,15.52,14.3,10.1,14.16,19.58,25.42,13.45,14.3,3.06,17.59,22.02,9.91,12.05,8.94,29.62,6.3,8.77,24.37,2.41,30.42,12.46,60.31,9.53,6.99,9.22,45.81,9.97,7.43,76.48,3.68,20.7,19.9,33.42,5.41,75.79,15.7,12.3,27.13,4.46,49.51,10.71,62.59,44.57,9.47,7.17,0.38,41.08,39.93,2.03,57046,620.24,5622.3,6392.13
6/21/2012,76.96,6.02,9.81,23.74,30.27,32.81,20.12,12.38,31.89,3.76,15.99,36.22,35.15,26.07,41.96,56.64,43.47,29.81,24.87,15.15,14.06,10.19,14.2,19.52,24.74,13.24,13.85,3,16.92,21.2,9.96,12.07,8.7,28.97,6.2,8.62,24.28,2.53,30,12.28,59.3,9.39,6.74,9.09,45.77,9.49,7.46,74.76,3.67,20.42,19.7,33.33,5.32,75.55,15.43,12.07,27.42,4.43,48.81,10.83,61.76,43.81,9.24,6.81,0.38,40.12,39.11,2.04,56328,607.42,5566.4,6343.13
6/22/2012,75.6,6.04,9.78,23.26,29.73,32.55,19.92,12.15,31.05,3.67,16.05,35.92,34.74,25.71,40.95,55.83,42.99,29.53,24.38,15.15,14,10.18,13.89,19.29,24.52,13.3,13.84,2.94,16.56,20.67,9.96,11.88,8.43,27.97,5.98,8.63,24.09,2.55,29.68,12.28,58.4,9.29,6.86,9.28,46.13,9.27,7.49,74.81,3.6,20.06,19.39,33.2,5.23,74.76,15.33,11.71,27.03,4.46,48.99,10.6,61.36,43.02,8.96,6.58,0.39,39.59,38.69,2.06,55433,611.73,5513.7,6263.25
6/25/2012,76.16,5.72,9.75,22.64,29.25,32.26,19.17,12.12,30.79,3.4,15.81,35.76,34.69,24.81,40.28,56.68,42.91,28.93,24.27,14.74,13.67,10.09,13.66,18.99,24.58,13.03,13.67,2.78,16.18,20.12,9.83,11.72,8.19,27.23,5.91,8.69,24.45,2.45,29.91,12.28,57.36,9.18,6.77,9.03,46.37,8.73,7.37,74.67,3.39,18.86,18.3,33,4.92,74.77,15.23,11.21,27.2,4.38,48.24,10.31,61.07,42.97,8.54,6.27,0.38,38.85,38.07,2.07,53995,602.09,5450.7,6132.39
6/26/2012,76.38,5.57,9.79,22.91,29,32.49,18.67,12.24,30.61,3.35,16.09,36.28,35.3,24.89,37.47,58.33,43.19,29.18,24.44,14.49,13.74,9.95,13.68,19,24.53,12.87,13.55,2.71,16.17,20.19,9.63,11.72,8.12,26.93,5.8,8.51,24.19,2.43,29.76,12.17,56.41,9.03,6.52,8.85,46.28,8.52,7.67,75.84,3.33,18.55,18,33,4.84,75.86,15.01,11.14,27.67,4.29,49.2,10.38,61.74,43.44,8.2,6.32,0.38,39.59,38.72,2.07,53780,605.08,5447,6136.69
6/27/2012,75.96,5.62,9.99,23.47,29.56,32.61,18.7,12.61,30.87,3.28,16.08,36.53,35.92,23.93,36.2,59.04,43.78,29.7,24.75,14.51,13.26,9.98,13.97,19.25,24.65,13.12,13.79,2.62,16.5,20.54,9.14,11.63,8.21,27.24,5.67,8.65,24.5,2.24,29.46,12.21,55.03,8.83,6.13,8.68,46.26,6.2,7.76,77.95,3.31,18.41,17.86,32.92,4.76,77.48,15.09,11.16,28.32,4.08,49.4,10.53,62.32,44.46,7.88,6.31,0.38,39.72,38.91,2.08,53478,610.8,5523.9,6228.99
6/28/2012,75.9,5.54,9.82,23.28,29.15,32.03,18.64,12.72,30.5,3.21,15.95,37.34,36.22,23.1,35.79,59.06,44.03,29.63,24.73,14.49,13.26,9.99,14.06,19.35,24.79,13.28,13.57,2.49,16.21,20.23,8.95,11.46,8.07,26.9,5.69,8.61,24.53,2.11,29.05,12.31,54.1,8.58,5.64,8.79,46.71,5.54,7.67,78.76,3.35,18.32,17.72,32.85,4.68,77.64,14.91,10.91,28.53,3.9,49.11,10.67,62.77,44.36,7.62,6.21,0.37,38.98,38.2,2.09,52784,609.05,5493.1,6149.91
6/29/2012,77.11,5.81,10.08,22.84,29.91,32.75,19.29,13.31,30.49,3.36,16.25,37.46,36.5,24.9,37.97,58.99,43.96,30,24.52,14.97,13.15,10.5,14.2,19.46,25.52,13.26,14.76,2.59,17.34,21.77,9.09,11.85,8.4,27.77,5.97,8.86,24.8,2.16,30.25,13.01,56.1,9.16,5.57,9.31,46.46,5.4,7.74,79.65,3.51,18.8,18.16,32.93,4.91,76.6,15.44,11.26,29.26,3.99,49.8,11,63.12,44.65,7.8,6.32,0.37,40.02,39.13,2.02,54040,623.82,5571.2,6416.28
7/2/2012,76.43,5.89,10.34,22.71,29.88,32.9,19.38,13.06,29.99,3.4,16.54,37.93,36.36,25.46,38.16,58.5,43.71,30.01,24.72,14.78,13.25,10.41,14.25,19.52,25.62,13.11,15.17,2.55,17.51,21.89,8.92,11.71,8.43,27.84,5.91,8.85,24.81,2.3,30.71,13.32,55.73,9.26,6.04,9.49,45.31,6.05,7.79,79.28,3.47,18.82,18.23,32.98,4.77,76.95,15.35,11.47,28.34,3.86,50.63,11.09,62.6,45.1,7.75,6.32,0.37,39.96,39.02,1.99,54335,625.38,5640.6,6496.08
7/3/2012,76.78,6.51,10.87,23.25,30.58,33.55,19.84,13.12,29.93,3.48,16.68,37.98,36.21,25.78,38.94,58.21,43.69,30.17,23.98,15.45,13.63,10.85,14.23,19.71,22.83,13.47,15.36,2.59,17.85,22.34,8.88,12.21,8.74,28.66,6.16,8.87,24.63,2.39,31.13,13.62,57.64,9.65,6.36,10,45.65,6.53,8.27,79.49,3.51,19.55,18.85,32.98,4.98,77.15,15.61,12.02,28.18,3.94,51.1,11.04,60.16,45.56,8.03,6.68,0.37,41.03,39.93,1.99,55749,628.63,5687.7,6578.21
7/4/2012,78.07,6.81,11.08,23.48,30.65,33.52,19.83,13.35,29.8,3.53,16.69,37.75,36.27,25.77,38.95,59.33,43.71,30.44,24.28,15.27,13.72,11,14.64,19.99,23.14,13.88,15.68,2.6,17.58,22.08,8.75,12.29,8.73,28.63,6.32,8.98,24.64,2.43,31.35,13.6,57.89,9.8,6.57,10.1,45.63,6.22,8.59,80.69,3.49,19.73,19.05,32.99,5.11,77.04,15.67,12.44,28.51,4.02,51.41,11.31,59.48,45,8.28,7.04,0.37,41.05,39.97,2.02,55996,628.63,5684.5,6564.8
7/5/2012,77.73,7.22,11.29,22.82,30.79,33.79,19.83,13.41,29.78,3.49,16.77,38,36.96,25.98,38.13,60.27,44.29,30.57,23.98,15.37,13.57,11.06,14.61,20.07,22.81,13.68,15.58,2.6,18.14,22.73,8.61,12.28,8.88,29.19,6.24,9.05,24.71,2.45,31.68,13.6,56.79,9.8,6.67,9.95,46.07,6.38,8.71,80.4,3.55,20.2,19.5,32.95,5.14,76.97,15.7,12.42,28.19,4.17,51.42,11.18,59.69,45.81,8.15,6.96,0.36,41.6,40.46,2.03,56517,625.55,5692.6,6535.56
7/6/2012,76.97,6.72,10.99,22.67,30.36,33.14,19.33,13.16,29.4,3.38,16.42,37.9,37.03,25.78,37.64,59.59,43.76,30.24,23.65,14.81,13.05,10.74,14.25,19.55,22.1,13.34,15.13,2.49,17.6,21.93,8.3,12.05,8.7,28.75,5.96,8.74,24.16,2.34,30.64,13.15,56.07,9.5,6.27,9.93,45.3,6.11,8.8,79.2,3.39,19.86,19.21,32.95,4.93,76.98,15.5,11.91,28.07,4.06,51.24,10.99,58.92,46.14,7.69,6.64,0.37,40.75,39.79,2.04,55296,620.2,5662.6,6410.11
7/10/2012,76.07,6.2,11,22.33,30.39,32.59,19.06,12.43,28.77,3.18,16.51,37.78,36.46,25.57,36.92,59.93,43.27,30.15,23.24,14.38,13.04,10.81,13.88,19.18,21.05,12.98,14.99,2.55,17.18,21.49,8.26,11.95,8.49,28.26,5.82,8.69,24.09,2.29,29.93,13.04,55.17,9.22,6.01,10.29,45.26,6.06,8.96,78.82,3.13,19.2,18.62,32.96,4.61,76.46,14.64,11.21,28.03,4.01,51.58,10.97,59,45.22,7.25,6.36,0.36,39.95,39.22,2.03,54450,615.76,5664.1,6438.33
7/11/2012,75.92,6,10.93,22.1,30.07,32.13,18.59,12.26,28.03,3,16.52,37.68,35.58,24.98,36.46,59.86,42.16,29.92,22.53,13.89,13,10.68,13.62,18.82,20.56,12.02,14.66,2.46,16.87,21.09,8.35,11.99,8.36,27.89,5.86,8.7,24.04,2.3,29.22,12.88,54.29,8.95,5.92,9.9,45.56,6.01,8.72,77.3,3.14,19.1,18.55,33,4.28,75.99,14.17,10.78,28.55,3.98,51.06,10.8,58.54,45.21,6.9,6.15,0.36,39.57,38.8,2.03,53707,615.77,5664.5,6453.85
7/12/2012,75.2,5.95,10.9,21.5,29.53,31.74,18.31,11.89,27.83,2.9,16.37,37.69,36.07,25.16,37.15,59.8,42.34,29.8,22.16,13.69,12.95,10.63,13.7,18.94,20.45,11.89,14.71,2.34,16.74,20.91,8.5,11.94,8.35,27.82,5.77,8.66,23.85,2.33,29.33,12.97,54.23,8.97,5.66,9.73,45.28,5.77,8.76,76.65,3.16,18.92,18.4,32.98,4.05,75.7,14.08,10.58,28.54,4.02,49.96,9.87,58.61,45.63,6.98,6.12,0.36,38.98,38.2,2.05,53091,612.65,5608.3,6419.35
7/13/2012,74.9,6.35,11.06,21.26,29.78,32.38,18.41,12.12,28.05,2.97,16.2,37.91,36.48,25.73,37.53,60.39,41.97,30.02,22.49,13.97,12.93,10.66,13.64,18.88,20.43,12.32,15.14,2.38,17.26,21.5,8.62,12.09,8.53,28.4,5.72,8.95,23.58,2.4,29.1,13.17,54.01,9.08,5.68,10.12,44.99,5.81,8.79,77.47,3.3,20.15,19.51,32.97,4.04,76.25,14.17,10.79,28.38,4.11,48.78,10.02,58.42,46.7,7.39,6.45,0.36,40.11,39.28,2.03,54177,622.83,5666.1,6557.1
7/16/2012,74.66,6.05,10.88,21.8,29.77,32.13,18.42,11.66,28.05,2.88,16.19,37.88,37.2,25.69,37.47,61.19,42.21,29.81,22.46,13.45,12.82,10.42,13.57,18.81,20,12.25,14.89,2.3,16.88,21.12,8.46,11.87,8.57,28.71,5.64,9.07,23.13,2.29,29.11,13,53.27,8.86,5.36,9.89,45.94,5.53,8.76,78.09,3.18,20.05,19.48,33.01,3.85,75.99,14.12,10.61,28.47,4.07,47.87,9.84,56.34,46.57,7.01,6.1,0.36,39.77,38.99,2.04,53665,621.83,5662.4,6565.72
7/17/2012,74.31,6.11,10.92,22.27,29.78,31.96,18.18,12.02,28.33,2.9,16.25,38.16,37.82,25.64,37.64,62.13,42.61,29.88,22.42,13.58,12.46,10.57,13.65,18.94,20.1,12.48,14.97,2.3,17.16,21.44,8.62,12.36,8.56,28.77,5.61,9.16,23.84,2.24,30.19,13.21,53.46,8.79,5.36,10.11,46.42,5.57,8.93,79.74,3.14,19.91,19.32,32.96,3.82,77.77,14.15,10.41,28.87,4.06,48.36,9.73,56.71,46.13,6.97,5.99,0.36,39.47,38.74,2.03,53723,626.39,5629.1,6577.64
